date,open,high,low,close,volume,Name
08.02.13,21.17,21.299999,21.129998999999998,21.16,23056900,CSCO
11.02.13,21.24,21.34,21.15,21.27,33552000,CSCO
12.02.13,21.25,21.27,20.940001000000002,20.969998999999998,46463500,CSCO
13.02.13,21.0,21.139999,20.93,21.139999,63608700,CSCO
14.02.13,20.879998999999998,21.0,20.51,20.99,67172100,CSCO
15.02.13,20.940001000000002,21.07,20.92,20.99,44439700,CSCO
19.02.13,21.01,21.48,20.950001,21.459999,45590500,CSCO
20.02.13,21.49,21.67,21.07,21.110001,47494700,CSCO
21.02.13,21.0,21.02,20.709999,20.76,33007100,CSCO
22.02.13,20.809998999999998,20.93,20.719998999999998,20.9,20483300,CSCO
25.02.13,21.0,21.200001,20.65,20.66,37391400,CSCO
26.02.13,20.540001,20.780001000000002,20.5,20.610001,34254700,CSCO
27.02.13,20.6,21.02,20.440001000000002,20.889999,25190900,CSCO
28.02.13,20.889999,21.049999,20.74,20.860001,30337500,CSCO
01.03.13,20.709999,20.9,20.549999,20.83,24174800,CSCO
04.03.13,20.74,20.780001000000002,20.58,20.74,22634600,CSCO
05.03.13,20.83,21.25,20.83,21.219998999999998,32829500,CSCO
06.03.13,21.299999,21.790001,21.24,21.719998999999998,45966600,CSCO
07.03.13,21.719998999999998,21.969998999999998,21.68,21.799999,37379500,CSCO
08.03.13,21.84,21.969998999999998,21.77,21.83,23839100,CSCO
11.03.13,21.77,21.98,21.65,21.879998999999998,29120000,CSCO
12.03.13,21.76,21.84,21.540001,21.700001,25987300,CSCO
13.03.13,21.65,21.799999,21.51,21.58,30188200,CSCO
14.03.13,21.700001,21.860001,21.450001,21.59,40479600,CSCO
15.03.13,21.57,21.950001,21.379998999999998,21.93,59804200,CSCO
18.03.13,21.74,21.950001,21.610001,21.67,30222300,CSCO
19.03.13,21.709999,21.75,21.299999,21.52,27264100,CSCO
20.03.13,21.629998999999998,21.74,21.58,21.67,24571600,CSCO
21.03.13,21.0,21.18,20.719998999999998,20.84,64437700,CSCO
22.03.13,20.93,21.07,20.690001000000002,20.75,39902900,CSCO
25.03.13,20.879998999999998,20.99,20.709999,20.85,36429100,CSCO
26.03.13,20.940001000000002,20.959999,20.690001000000002,20.85,27627800,CSCO
27.03.13,20.68,20.9,20.610001,20.83,27760900,CSCO
28.03.13,20.84,20.940001000000002,20.77,20.9,28323200,CSCO
01.04.13,21.040001,21.379998999999998,20.780001000000002,20.83,40009200,CSCO
02.04.13,20.959999,21.290001,20.9,21.219998999999998,34098100,CSCO
03.04.13,21.280001000000002,21.370001000000002,21.110001,21.200001,30101400,CSCO
04.04.13,21.01,21.09,20.959999,21.040001,25075100,CSCO
05.04.13,20.25,20.700001,20.0,20.610001,54767100,CSCO
08.04.13,20.690001000000002,20.73,20.469998999999998,20.57,22968600,CSCO
09.04.13,20.639999,21.049999,20.58,20.969998999999998,27529500,CSCO
10.04.13,21.07,21.6,21.02,21.469998999999998,39308100,CSCO
11.04.13,21.33,21.700001,21.27,21.690001000000002,35992200,CSCO
12.04.13,21.67,21.700001,21.120001000000002,21.540001,31584600,CSCO
15.04.13,21.450001,21.639999,21.049999,21.049999,27961000,CSCO
16.04.13,21.15,21.17,20.950001,21.16,32745100,CSCO
17.04.13,20.950001,21.02,20.59,20.629998999999998,30873000,CSCO
18.04.13,20.74,20.85,20.450001,20.58,35401400,CSCO
19.04.13,20.200001,20.549999,19.98,20.459999,51142000,CSCO
22.04.13,20.530001000000002,20.65,20.27,20.59,31452800,CSCO
23.04.13,20.75,21.1,20.73,20.91,34873500,CSCO
24.04.13,20.469998999999998,20.530001000000002,20.26,20.389999,55759200,CSCO
25.04.13,20.5,20.77,20.389999,20.639999,40488500,CSCO
26.04.13,20.610001,20.709999,20.51,20.67,33713500,CSCO
29.04.13,20.65,21.07,20.469998999999998,20.98,29476200,CSCO
30.04.13,20.99,21.25,20.799999,20.92,37777300,CSCO
01.05.13,20.83,20.9,20.35,20.379998999999998,44773400,CSCO
02.05.13,20.469998999999998,20.75,20.440001000000002,20.73,54869800,CSCO
03.05.13,20.93,20.959999,20.76,20.83,41962700,CSCO
06.05.13,20.870001000000002,20.92,20.74,20.809998999999998,31315900,CSCO
07.05.13,20.68,20.709999,20.290001,20.379998999999998,55003400,CSCO
08.05.13,20.4,20.76,20.4,20.719998999999998,37412500,CSCO
09.05.13,20.719998999999998,20.950001,20.620001000000002,20.83,25790200,CSCO
10.05.13,20.83,21.1,20.82,21.1,26926900,CSCO
13.05.13,21.139999,21.280001000000002,21.049999,21.27,35347200,CSCO
14.05.13,21.209999,21.42,21.15,21.27,38494300,CSCO
15.05.13,21.25,21.290001,21.120001000000002,21.209999,55412900,CSCO
16.05.13,23.51,24.24,23.360001,23.889999,201626500,CSCO
17.05.13,23.85,24.25,23.700001,24.24,78569900,CSCO
20.05.13,23.9,23.969998999999998,23.639999,23.950001,54632000,CSCO
21.05.13,23.889999,24.059998999999998,23.59,24.01,48135200,CSCO
22.05.13,24.0,24.02,23.25,23.34,46836300,CSCO
23.05.13,23.120001000000002,23.610001,23.059998999999998,23.51,44376600,CSCO
24.05.13,23.389999,23.66,23.309998999999998,23.530001000000002,25036200,CSCO
28.05.13,23.809998999999998,24.120001000000002,23.690001000000002,23.889999,40023900,CSCO
29.05.13,23.709999,24.24,23.700001,24.120001000000002,37314000,CSCO
30.05.13,24.15,24.68,24.02,24.370001000000002,45162100,CSCO
31.05.13,24.200001,24.530001000000002,24.08,24.120001000000002,40885800,CSCO
03.06.13,24.26,24.5,24.030001000000002,24.379998999999998,30815300,CSCO
04.06.13,24.27,24.6,24.030001000000002,24.360001,30628500,CSCO
05.06.13,24.27,24.639999,24.209999,24.32,45742100,CSCO
06.06.13,24.48,24.690001000000002,24.24,24.549999,44830200,CSCO
07.06.13,24.620001000000002,24.780001000000002,24.379998999999998,24.49,42729400,CSCO
10.06.13,24.57,24.67,24.280001000000002,24.360001,33779400,CSCO
11.06.13,24.129998999999998,24.450001,24.049999,24.07,28060200,CSCO
12.06.13,24.219998999999998,24.309998999999998,23.98,23.99,29980300,CSCO
13.06.13,23.93,24.4,23.879998999999998,24.35,27238900,CSCO
14.06.13,24.309998999999998,24.5,24.08,24.09,29841100,CSCO
17.06.13,24.26,24.959999,24.23,24.700001,46042800,CSCO
18.06.13,24.719998999999998,24.98,24.700001,24.82,34939200,CSCO
19.06.13,24.780001000000002,24.959999,24.68,24.68,29472900,CSCO
20.06.13,24.48,24.73,24.299999,24.440001000000002,47759000,CSCO
21.06.13,24.379998999999998,24.620001000000002,24.209999,24.48,62052200,CSCO
24.06.13,24.32,24.469998999999998,24.040001,24.059998999999998,35972700,CSCO
25.06.13,24.309998999999998,24.440001000000002,23.99,24.01,41334800,CSCO
26.06.13,24.299999,24.450001,24.18,24.389999,32721400,CSCO
27.06.13,24.469998999999998,24.709999,24.459999,24.629998999999998,27115400,CSCO
28.06.13,24.43,24.610001,24.299999,24.34,35574300,CSCO
01.07.13,24.42,24.83,24.309998999999998,24.34,33674000,CSCO
02.07.13,24.24,24.639999,24.219998999999998,24.32,31098600,CSCO
03.07.13,24.360001,24.84,24.27,24.59,24775000,CSCO
05.07.13,24.639999,24.66,24.25,24.57,19984900,CSCO
08.07.13,24.66,24.75,24.389999,24.629998999999998,34669400,CSCO
09.07.13,24.76,25.200001,24.74,25.16,46103900,CSCO
10.07.13,25.07,25.559998999999998,25.059998999999998,25.41,37757800,CSCO
11.07.13,25.620001000000002,25.93,25.57,25.870001000000002,45944600,CSCO
12.07.13,25.85,25.950001,25.66,25.940001000000002,28410100,CSCO
15.07.13,25.780001000000002,25.99,25.639999,25.93,26879600,CSCO
16.07.13,25.860001,25.99,25.629998999999998,25.709999,26336200,CSCO
17.07.13,25.799999,25.860001,25.6,25.719998999999998,22080800,CSCO
18.07.13,25.870001000000002,26.15,25.73,25.860001,32996900,CSCO
19.07.13,25.860001,26.0,25.620001000000002,25.82,39224200,CSCO
22.07.13,26.0,26.040001,25.48,25.719998999999998,30419600,CSCO
23.07.13,25.700001,25.77,25.49,25.559998999999998,27954800,CSCO
24.07.13,25.84,25.99,25.450001,25.59,27330800,CSCO
25.07.13,25.6,25.620001000000002,25.309998999999998,25.5,31482600,CSCO
26.07.13,25.25,25.5,25.23,25.5,19946400,CSCO
29.07.13,25.360001,25.469998999999998,25.23,25.33,17839400,CSCO
30.07.13,25.459999,26.040001,25.41,25.67,45348500,CSCO
31.07.13,25.799999,25.889999,25.549999,25.59,30709400,CSCO
01.08.13,25.790001,25.93,25.65,25.889999,23330000,CSCO
02.08.13,25.799999,26.190001000000002,25.73,26.190001000000002,26496700,CSCO
05.08.13,26.110001,26.42,26.110001,26.309998999999998,28701800,CSCO
06.08.13,26.41,26.41,26.059998999999998,26.209999,26093500,CSCO
07.08.13,26.309998999999998,26.49,26.120001000000002,26.120001000000002,33489600,CSCO
08.08.13,26.27,26.32,26.18,26.26,20512100,CSCO
09.08.13,26.299999,26.35,25.860001,26.049999,27309000,CSCO
12.08.13,25.860001,26.450001,25.85,26.34,32103600,CSCO
13.08.13,26.450001,26.48,26.07,26.32,36466000,CSCO
14.08.13,26.450001,26.450001,25.969998999999998,26.379998999999998,77049400,CSCO
15.08.13,24.389999,24.83,24.280001000000002,24.48,130110100,CSCO
16.08.13,24.530001000000002,24.66,24.25,24.27,42426200,CSCO
19.08.13,24.32,24.66,24.25,24.27,39630400,CSCO
20.08.13,24.280001000000002,24.559998999999998,24.219998999999998,24.32,43650200,CSCO
21.08.13,24.360001,24.48,24.049999,24.07,33392900,CSCO
22.08.13,24.07,24.219998999999998,23.959999,24.01,24327000,CSCO
23.08.13,24.07,24.16,23.84,23.860001,41268600,CSCO
26.08.13,23.84,24.049999,23.76,23.83,35708500,CSCO
27.08.13,23.719998999999998,23.790001,23.440001000000002,23.48,39768700,CSCO
28.08.13,23.549999,23.58,23.379998999999998,23.450001,28035900,CSCO
29.08.13,23.469998999999998,23.75,23.450001,23.450001,26605500,CSCO
30.08.13,23.459999,23.549999,23.219998999999998,23.309998999999998,35248400,CSCO
03.09.13,23.58,23.77,23.459999,23.48,31875000,CSCO
04.09.13,23.52,23.92,23.5,23.77,27443900,CSCO
05.09.13,23.809998999999998,23.84,23.540001,23.690001000000002,23926000,CSCO
06.09.13,23.82,23.84,23.389999,23.549999,28615800,CSCO
09.09.13,23.610001,23.98,23.58,23.92,22744700,CSCO
10.09.13,24.030001000000002,24.25,24.0,24.16,29302400,CSCO
11.09.13,24.200001,24.41,24.18,24.379998999999998,25153200,CSCO
12.09.13,24.42,24.450001,24.24,24.290001,22340000,CSCO
13.09.13,24.33,24.41,24.200001,24.32,18509900,CSCO
16.09.13,24.43,24.469998999999998,24.129998999999998,24.379998999999998,32119900,CSCO
17.09.13,24.389999,24.549999,24.299999,24.370001000000002,19999500,CSCO
18.09.13,24.33,24.799999,24.299999,24.799999,29541300,CSCO
19.09.13,24.5,24.75,24.41,24.610001,40090900,CSCO
20.09.13,24.73,24.75,24.43,24.51,37420400,CSCO
23.09.13,24.379998999999998,24.450001,24.110001,24.27,26910300,CSCO
24.09.13,24.139999,24.32,23.940001000000002,24.139999,29762400,CSCO
25.09.13,24.190001000000002,24.549999,24.120001000000002,24.43,26563800,CSCO
26.09.13,24.299999,24.360001,23.690001000000002,23.77,54577900,CSCO
27.09.13,23.35,23.549999,23.049999,23.33,82455500,CSCO
30.09.13,23.120001000000002,23.530001000000002,23.02,23.43,40335700,CSCO
01.10.13,23.33,23.48,23.200001,23.24,30137600,CSCO
02.10.13,23.1,23.360001,23.0,23.32,40084700,CSCO
03.10.13,23.24,23.35,22.940001000000002,23.01,38161100,CSCO
04.10.13,22.959999,23.09,22.85,23.02,33607800,CSCO
07.10.13,22.76,23.040001,22.629998999999998,22.889999,29575900,CSCO
08.10.13,22.969998999999998,22.969998999999998,22.620001000000002,22.639999,31865700,CSCO
09.10.13,22.66,22.76,22.290001,22.5,45438300,CSCO
10.10.13,22.700001,23.08,22.6,23.01,38817500,CSCO
11.10.13,23.02,23.379998999999998,22.969998999999998,23.280001000000002,27773800,CSCO
14.10.13,23.16,23.360001,23.07,23.34,29103100,CSCO
15.10.13,23.360001,23.42,23.17,23.18,26201200,CSCO
16.10.13,23.219998999999998,23.299999,22.809998999999998,23.0,40483000,CSCO
17.10.13,22.799999,22.879998999999998,22.42,22.780001000000002,69366300,CSCO
18.10.13,22.860001,23.139999,22.76,22.959999,44486600,CSCO
21.10.13,23.110001,23.110001,22.809998999999998,22.93,34594600,CSCO
22.10.13,22.99,23.0,22.42,22.65,64553000,CSCO
23.10.13,22.610001,22.639999,22.200001,22.26,49021400,CSCO
24.10.13,22.34,22.43,22.1,22.370001000000002,50130300,CSCO
25.10.13,22.59,22.629998999999998,22.35,22.459999,34253400,CSCO
28.10.13,22.4,22.549999,22.309998999999998,22.549999,24072100,CSCO
29.10.13,22.66,22.93,22.559998999999998,22.83,30074200,CSCO
30.10.13,22.870001000000002,22.940001000000002,22.66,22.709999,30465600,CSCO
31.10.13,22.639999,22.709999,22.440001000000002,22.559998999999998,34497400,CSCO
01.11.13,22.66,22.68,22.4,22.57,33328700,CSCO
04.11.13,22.549999,22.639999,22.42,22.58,28617000,CSCO
05.11.13,22.610001,23.25,22.42,23.07,46343600,CSCO
06.11.13,23.209999,23.370001000000002,23.02,23.280001000000002,48257800,CSCO
07.11.13,23.41,23.559998999999998,23.07,23.110001,35502900,CSCO
08.11.13,23.280001000000002,23.52,23.09,23.51,30884100,CSCO
11.11.13,23.5,23.58,23.4,23.450001,22694900,CSCO
12.11.13,23.43,23.84,23.43,23.73,38031100,CSCO
13.11.13,23.6,24.0,23.51,24.0,75234900,CSCO
14.11.13,20.940001000000002,21.440001000000002,20.77,21.370001000000002,243255400,CSCO
15.11.13,21.459999,21.690001000000002,21.26,21.540001,85506000,CSCO
18.11.13,21.6,21.719998999999998,21.200001,21.290001,66008900,CSCO
19.11.13,21.309998999999998,21.540001,21.120001000000002,21.42,57309700,CSCO
20.11.13,21.469998999999998,21.469998999999998,21.219998999999998,21.23,44299700,CSCO
21.11.13,21.360001,21.49,21.25,21.469998999999998,40695500,CSCO
22.11.13,21.41,21.5,21.309998999999998,21.459999,41105000,CSCO
25.11.13,21.450001,21.52,21.27,21.27,37566000,CSCO
26.11.13,21.299999,21.41,21.08,21.209999,48629300,CSCO
27.11.13,21.290001,21.35,21.15,21.27,40021100,CSCO
29.11.13,21.389999,21.440001000000002,21.200001,21.25,25043700,CSCO
02.12.13,21.290001,21.299999,21.059998999999998,21.09,35385200,CSCO
03.12.13,21.049999,21.26,21.02,21.26,52496700,CSCO
04.12.13,21.09,21.35,21.07,21.25,44535000,CSCO
05.12.13,21.200001,21.299999,20.889999,20.91,61782100,CSCO
06.12.13,21.120001000000002,21.32,21.07,21.280001000000002,51266300,CSCO
09.12.13,21.299999,21.33,21.200001,21.219998999999998,41430000,CSCO
10.12.13,21.26,21.34,21.15,21.209999,45957600,CSCO
11.12.13,20.99,21.01,20.65,20.879998999999998,66075000,CSCO
12.12.13,20.82,20.83,20.26,20.51,69575100,CSCO
13.12.13,20.58,20.58,20.219998999999998,20.24,51883000,CSCO
16.12.13,20.35,20.75,20.25,20.68,54485600,CSCO
17.12.13,20.74,21.129998999999998,20.68,20.92,45343300,CSCO
18.12.13,20.879998999999998,21.040001,20.52,21.0,55495300,CSCO
19.12.13,21.07,21.08,20.77,21.07,36678100,CSCO
20.12.13,21.059998999999998,21.25,20.959999,21.129998999999998,64140500,CSCO
23.12.13,21.25,21.629998999999998,21.219998999999998,21.57,41245900,CSCO
24.12.13,21.459999,21.76,21.440001000000002,21.690001000000002,18372000,CSCO
26.12.13,21.719998999999998,21.879998999999998,21.719998999999998,21.799999,17064400,CSCO
27.12.13,21.790001,22.049999,21.780001000000002,22.02,24098500,CSCO
30.12.13,22.0,22.33,22.0,22.25,27711600,CSCO
31.12.13,22.25,22.469998999999998,22.15,22.43,33240500,CSCO
02.01.14,22.17,22.290001,21.91,22.0,44377000,CSCO
03.01.14,22.09,22.120001000000002,21.83,21.98,36328200,CSCO
06.01.14,21.959999,22.23,21.93,22.01,34150300,CSCO
07.01.14,22.26,22.41,22.15,22.309998999999998,37368800,CSCO
08.01.14,22.290001,22.360001,22.15,22.290001,38362700,CSCO
09.01.14,22.290001,22.309998999999998,21.92,22.09,31794000,CSCO
10.01.14,22.23,22.280001000000002,21.99,22.219998999999998,30318600,CSCO
13.01.14,22.389999,22.82,22.139999,22.190001000000002,59600000,CSCO
14.01.14,22.33,22.52,22.200001,22.41,44300800,CSCO
15.01.14,22.5,23.0,22.42,22.780001000000002,61767800,CSCO
16.01.14,22.85,22.91,22.629998999999998,22.780001000000002,38918100,CSCO
17.01.14,22.58,22.780001000000002,22.58,22.74,44349100,CSCO
21.01.14,22.91,22.950001,22.639999,22.83,33423000,CSCO
22.01.14,22.91,22.950001,22.780001000000002,22.84,30700100,CSCO
23.01.14,22.690001000000002,22.85,22.459999,22.559998999999998,37013600,CSCO
24.01.14,22.4,22.540001,22.17,22.200001,40917300,CSCO
27.01.14,21.77,22.110001,21.76,22.0,60510000,CSCO
28.01.14,21.879998999999998,22.0,21.700001,21.75,41431800,CSCO
29.01.14,21.620001000000002,21.84,21.6,21.65,35406500,CSCO
30.01.14,21.77,21.99,21.629998999999998,21.98,42883000,CSCO
31.01.14,21.610001,21.99,21.610001,21.91,43325300,CSCO
03.02.14,21.93,21.950001,21.459999,21.549999,60693300,CSCO
04.02.14,21.58,21.82,21.4,21.799999,46626500,CSCO
05.02.14,21.690001000000002,22.07,21.58,21.98,46291400,CSCO
06.02.14,22.040001,22.58,21.969998999999998,22.49,49584300,CSCO
07.02.14,22.52,22.719998999999998,22.299999,22.67,54109200,CSCO
10.02.14,22.639999,22.879998999999998,22.559998999999998,22.83,45300500,CSCO
11.02.14,22.780001000000002,22.879998999999998,22.67,22.709999,45804800,CSCO
12.02.14,22.610001,22.92,22.52,22.85,69832400,CSCO
13.02.14,21.99,22.27,21.68,22.27,153739400,CSCO
14.02.14,22.219998999999998,22.77,22.200001,22.559998999999998,64513500,CSCO
18.02.14,22.49,22.540001,22.33,22.41,31014400,CSCO
19.02.14,22.33,22.559998999999998,22.219998999999998,22.280001000000002,29309100,CSCO
20.02.14,22.24,22.4,22.16,22.299999,26215000,CSCO
21.02.14,22.370001000000002,22.450001,22.129998999999998,22.129998999999998,31483000,CSCO
24.02.14,22.190001000000002,22.34,22.0,22.120001000000002,41858000,CSCO
25.02.14,22.15,22.219998999999998,21.76,21.84,45303600,CSCO
26.02.14,21.84,22.02,21.549999,21.93,43574600,CSCO
27.02.14,21.879998999999998,22.049999,21.860001,21.92,25804000,CSCO
28.02.14,21.969998999999998,22.110001,21.700001,21.799999,40863200,CSCO
03.03.14,21.57,21.82,21.440001000000002,21.57,37292900,CSCO
04.03.14,21.780001000000002,21.889999,21.700001,21.82,35673900,CSCO
05.03.14,21.9,22.049999,21.809998999999998,21.870001000000002,28203400,CSCO
06.03.14,21.879998999999998,21.98,21.75,21.82,23567000,CSCO
07.03.14,21.92,21.940001000000002,21.66,21.73,33180000,CSCO
10.03.14,21.629998999999998,21.82,21.6,21.690001000000002,26163300,CSCO
11.03.14,21.860001,21.93,21.58,21.610001,34642200,CSCO
12.03.14,21.530001000000002,21.92,21.530001000000002,21.82,31854300,CSCO
13.03.14,21.889999,21.92,21.5,21.52,42144400,CSCO
14.03.14,21.549999,21.65,21.280001000000002,21.35,38256700,CSCO
17.03.14,21.35,21.620001000000002,21.27,21.51,33221900,CSCO
18.03.14,21.34,21.709999,21.290001,21.629998999999998,45849600,CSCO
19.03.14,21.690001000000002,21.799999,21.559998999999998,21.629998999999998,32674300,CSCO
20.03.14,21.59,22.0,21.59,21.83,34952800,CSCO
21.03.14,21.940001000000002,22.1,21.58,21.639999,97372900,CSCO
24.03.14,21.68,21.790001,21.469998999999998,21.57,32782100,CSCO
25.03.14,21.690001000000002,22.360001,21.65,22.34,53374300,CSCO
26.03.14,22.440001000000002,22.690001000000002,22.32,22.32,67098900,CSCO
27.03.14,22.129998999999998,22.389999,21.940001000000002,22.02,52152300,CSCO
28.03.14,22.09,22.540001,22.049999,22.33,49289400,CSCO
31.03.14,22.49,22.639999,22.4,22.42,32887800,CSCO
01.04.14,22.33,23.309998999999998,22.299999,23.1,80106400,CSCO
02.04.14,23.110001,23.129998999999998,22.76,22.99,38363700,CSCO
03.04.14,23.049999,23.299999,23.0,23.09,30311200,CSCO
04.04.14,23.280001000000002,23.35,22.6,22.709999,49382300,CSCO
07.04.14,22.6,23.07,22.5,22.85,55317100,CSCO
08.04.14,22.639999,22.969998999999998,22.6,22.940001000000002,37373900,CSCO
09.04.14,23.0,23.32,22.889999,23.120001000000002,37888600,CSCO
10.04.14,23.17,23.26,22.5,22.65,53927000,CSCO
11.04.14,22.549999,22.99,22.43,22.459999,47253900,CSCO
14.04.14,22.629998999999998,22.940001000000002,22.48,22.85,35804300,CSCO
15.04.14,22.84,23.0,22.610001,22.889999,29845400,CSCO
16.04.14,23.030001000000002,23.15,22.83,23.030001000000002,31451900,CSCO
17.04.14,23.01,23.290001,22.780001000000002,23.209999,47813400,CSCO
21.04.14,23.219998999999998,23.59,23.18,23.4,38795200,CSCO
22.04.14,23.43,23.610001,23.4,23.52,28725000,CSCO
23.04.14,23.52,23.57,23.24,23.5,29972800,CSCO
24.04.14,23.639999,23.639999,23.24,23.33,33976700,CSCO
25.04.14,23.27,23.32,22.879998999999998,23.0,25087300,CSCO
28.04.14,23.15,23.24,22.790001,23.02,36817100,CSCO
29.04.14,23.200001,23.209999,23.059998999999998,23.16,14582400,CSCO
30.04.14,23.08,23.139999,22.92,23.110001,23979300,CSCO
01.05.14,23.139999,23.15,22.91,23.01,17463700,CSCO
02.05.14,23.110001,23.120001000000002,22.9,22.940001000000002,18757000,CSCO
05.05.14,22.9,23.0,22.719998999999998,22.959999,17859200,CSCO
06.05.14,22.84,22.889999,22.629998999999998,22.719998999999998,21815200,CSCO
07.05.14,22.719998999999998,22.9,22.43,22.870001000000002,38895200,CSCO
08.05.14,22.9,23.17,22.76,23.02,32181400,CSCO
09.05.14,22.959999,23.110001,22.92,23.02,22593900,CSCO
12.05.14,23.040001,23.34,23.0,23.190001000000002,40216100,CSCO
13.05.14,23.139999,23.209999,22.76,22.860001,57933100,CSCO
14.05.14,22.92,23.049999,22.629998999999998,22.809998999999998,59330100,CSCO
15.05.14,24.27,24.690001000000002,24.120001000000002,24.18,120944500,CSCO
16.05.14,24.139999,24.450001,24.059998999999998,24.370001000000002,40477000,CSCO
19.05.14,24.24,24.450001,24.120001000000002,24.35,39388900,CSCO
20.05.14,24.26,24.389999,24.02,24.120001000000002,56321600,CSCO
21.05.14,24.219998999999998,24.65,24.17,24.48,65262600,CSCO
22.05.14,24.42,24.540001,24.290001,24.379998999999998,26751000,CSCO
23.05.14,24.379998999999998,24.57,24.35,24.52,27778000,CSCO
27.05.14,24.74,24.879998999999998,24.629998999999998,24.709999,32365700,CSCO
28.05.14,24.629998999999998,24.93,24.629998999999998,24.82,28650600,CSCO
29.05.14,24.85,24.92,24.559998999999998,24.68,21642000,CSCO
30.05.14,24.709999,24.75,24.48,24.620001000000002,29368700,CSCO
02.06.14,24.639999,24.799999,24.559998999999998,24.780001000000002,20393300,CSCO
03.06.14,24.75,24.82,24.450001,24.68,23339100,CSCO
04.06.14,24.610001,24.65,24.4,24.5,20635100,CSCO
05.06.14,24.620001000000002,24.74,24.41,24.700001,23320300,CSCO
06.06.14,24.73,24.950001,24.709999,24.83,22485100,CSCO
09.06.14,24.790001,24.950001,24.719998999999998,24.799999,18818400,CSCO
10.06.14,24.73,25.1,24.6,25.0,36582000,CSCO
11.06.14,24.85,25.17,24.790001,25.040001,36170300,CSCO
12.06.14,24.950001,25.01,24.620001000000002,24.66,26900400,CSCO
13.06.14,24.67,24.780001000000002,24.6,24.700001,20947600,CSCO
16.06.14,24.52,24.73,24.450001,24.530001000000002,19251300,CSCO
17.06.14,24.49,24.620001000000002,24.41,24.5,17972800,CSCO
18.06.14,24.700001,24.75,24.459999,24.629998999999998,24723700,CSCO
19.06.14,24.620001000000002,24.709999,24.450001,24.709999,20646800,CSCO
20.06.14,24.629998999999998,24.9,24.610001,24.83,39707300,CSCO
23.06.14,24.809998999999998,24.9,24.65,24.700001,18751100,CSCO
24.06.14,24.620001000000002,24.74,24.52,24.530001000000002,24302000,CSCO
25.06.14,24.549999,24.780001000000002,24.41,24.719998999999998,22579500,CSCO
26.06.14,24.66,24.809998999999998,24.48,24.65,19134400,CSCO
27.06.14,24.6,24.780001000000002,24.48,24.700001,34999300,CSCO
30.06.14,24.67,24.9,24.620001000000002,24.85,23992100,CSCO
01.07.14,24.99,25.110001,24.77,25.08,34613200,CSCO
02.07.14,24.969998999999998,25.139999,24.870001000000002,25.030001000000002,30197200,CSCO
03.07.14,25.15,25.25,25.129998999999998,25.190001000000002,19598800,CSCO
07.07.14,25.0,25.25,24.969998999999998,25.23,21293500,CSCO
08.07.14,25.209999,25.309998999999998,25.059998999999998,25.07,34622900,CSCO
09.07.14,25.219998999999998,25.5,25.139999,25.440001000000002,35610300,CSCO
10.07.14,25.25,25.52,25.219998999999998,25.440001000000002,27278600,CSCO
11.07.14,25.52,25.65,25.440001000000002,25.52,20945900,CSCO
14.07.14,25.610001,25.65,25.4,25.440001000000002,19243600,CSCO
15.07.14,25.379998999999998,25.68,25.360001,25.67,29468800,CSCO
16.07.14,25.73,26.049999,25.73,25.98,40458600,CSCO
17.07.14,25.84,26.0,25.58,25.629998999999998,29568000,CSCO
18.07.14,25.700001,25.959999,25.67,25.91,25465300,CSCO
21.07.14,25.889999,25.950001,25.719998999999998,25.85,20825400,CSCO
22.07.14,25.950001,26.08,25.91,25.950001,28734800,CSCO
23.07.14,25.719998999999998,25.790001,25.549999,25.68,28759200,CSCO
24.07.14,25.780001000000002,25.9,25.68,25.83,21876300,CSCO
25.07.14,25.799999,26.02,25.68,25.969998999999998,28640100,CSCO
28.07.14,25.73,26.0,25.57,25.92,27686400,CSCO
29.07.14,25.879998999999998,26.01,25.690001000000002,25.709999,22441500,CSCO
30.07.14,25.83,25.84,25.469998999999998,25.629998999999998,26119900,CSCO
31.07.14,25.48,25.5,25.17,25.23,28219900,CSCO
01.08.14,25.139999,25.209999,24.799999,25.0,28609200,CSCO
04.08.14,24.940001000000002,25.219998999999998,24.860001,25.17,17252200,CSCO
05.08.14,25.02,25.120001000000002,24.870001000000002,24.969998999999998,21176500,CSCO
06.08.14,24.93,25.209999,24.85,24.93,20990600,CSCO
07.08.14,25.01,25.110001,24.690001000000002,24.860001,24123500,CSCO
08.08.14,24.870001000000002,25.059998999999998,24.74,25.030001000000002,21648600,CSCO
11.08.14,25.09,25.370001000000002,25.01,25.23,25946200,CSCO
12.08.14,25.209999,25.27,25.0,25.15,21928200,CSCO
13.08.14,25.17,25.27,24.93,25.200001,43708600,CSCO
14.08.14,24.940001000000002,24.940001000000002,24.32,24.540001,63790200,CSCO
15.08.14,24.66,24.66,24.27,24.43,33624000,CSCO
18.08.14,24.49,24.66,24.43,24.629998999999998,27666900,CSCO
19.08.14,24.629998999999998,24.690001000000002,24.6,24.639999,20347000,CSCO
20.08.14,24.549999,24.75,24.52,24.709999,20228900,CSCO
21.08.14,24.75,24.91,24.719998999999998,24.889999,20880800,CSCO
22.08.14,24.870001000000002,24.969998999999998,24.639999,24.65,22453700,CSCO
25.08.14,24.700001,24.84,24.690001000000002,24.700001,19355800,CSCO
26.08.14,24.700001,24.93,24.67,24.809998999999998,17053400,CSCO
27.08.14,24.790001,24.860001,24.709999,24.799999,15748800,CSCO
28.08.14,24.700001,24.9,24.639999,24.85,15506400,CSCO
29.08.14,24.9,24.99,24.76,24.99,17972300,CSCO
02.09.14,24.940001000000002,25.0,24.75,24.879998999999998,19836000,CSCO
03.09.14,24.940001000000002,25.129998999999998,24.92,25.040001,22043200,CSCO
04.09.14,25.08,25.139999,24.83,24.91,20268900,CSCO
05.09.14,24.860001,25.07,24.860001,25.0,19865200,CSCO
08.09.14,24.93,25.09,24.809998999999998,24.950001,14188500,CSCO
09.09.14,24.879998999999998,24.969998999999998,24.6,24.860001,19075800,CSCO
10.09.14,24.84,25.0,24.84,24.93,15738500,CSCO
11.09.14,24.92,25.200001,24.85,25.18,22105400,CSCO
12.09.14,25.16,25.26,25.07,25.16,33197300,CSCO
15.09.14,24.950001,25.09,24.870001000000002,25.059998999999998,33411400,CSCO
16.09.14,25.0,25.42,24.98,25.219998999999998,31902300,CSCO
17.09.14,25.139999,25.309998999999998,25.07,25.209999,25703300,CSCO
18.09.14,25.17,25.27,25.15,25.219998999999998,15939900,CSCO
19.09.14,25.209999,25.299999,25.01,25.200001,47343700,CSCO
22.09.14,25.190001000000002,25.190001000000002,24.860001,24.969998999999998,21346700,CSCO
23.09.14,24.870001000000002,25.030001000000002,24.67,24.700001,20747900,CSCO
24.09.14,24.73,25.040001,24.629998999999998,24.98,19700400,CSCO
25.09.14,24.959999,24.959999,24.5,24.540001,27242000,CSCO
26.09.14,24.5,25.09,24.459999,25.0,29863700,CSCO
29.09.14,24.73,25.200001,24.73,25.120001000000002,28707700,CSCO
30.09.14,24.9,25.25,24.85,25.17,36919300,CSCO
01.10.14,25.200001,25.25,24.940001000000002,25.030001000000002,44916200,CSCO
02.10.14,25.049999,25.110001,24.75,25.059998999999998,28334000,CSCO
03.10.14,25.209999,25.370001000000002,25.040001,25.309998999999998,29038300,CSCO
06.10.14,25.35,25.42,24.959999,25.01,23952600,CSCO
07.10.14,25.01,25.25,24.59,24.639999,29309600,CSCO
08.10.14,24.57,24.68,24.18,24.66,40348300,CSCO
09.10.14,24.51,24.639999,24.18,24.190001000000002,29341200,CSCO
10.10.14,23.91,24.01,23.34,23.34,48313600,CSCO
13.10.14,23.24,23.450001,22.93,22.93,33227700,CSCO
14.10.14,23.059998999999998,23.35,22.959999,23.059998999999998,29317500,CSCO
15.10.14,22.790001,23.15,22.49,22.959999,40079600,CSCO
16.10.14,22.65,23.08,22.559998999999998,22.82,30929300,CSCO
17.10.14,22.98,23.33,22.92,23.25,28485000,CSCO
20.10.14,22.9,23.08,22.690001000000002,22.93,34386900,CSCO
21.10.14,23.1,23.6,22.959999,23.51,33712700,CSCO
22.10.14,23.67,23.68,23.24,23.26,25172900,CSCO
23.10.14,23.610001,23.76,23.42,23.57,21669900,CSCO
24.10.14,23.6,23.799999,23.459999,23.780001000000002,19942900,CSCO
27.10.14,23.620001000000002,23.809998999999998,23.6,23.76,16862700,CSCO
28.10.14,23.82,24.07,23.82,24.07,17798600,CSCO
29.10.14,24.01,24.299999,23.92,24.1,18885500,CSCO
30.10.14,24.0,24.15,23.879998999999998,24.08,32212000,CSCO
31.10.14,24.59,24.639999,24.18,24.469998999999998,30379100,CSCO
03.11.14,24.450001,24.59,24.450001,24.58,16383400,CSCO
04.11.14,24.6,24.91,24.58,24.879998999999998,24620900,CSCO
05.11.14,24.969998999999998,25.17,24.84,25.15,21979600,CSCO
06.11.14,25.1,25.280001000000002,25.02,25.26,18373700,CSCO
07.11.14,25.299999,25.4,25.16,25.33,34001900,CSCO
10.11.14,25.040001,25.23,24.879998999999998,25.15,32152700,CSCO
11.11.14,25.200001,25.209999,25.02,25.15,19801700,CSCO
12.11.14,24.91,25.190001000000002,24.879998999999998,25.110001,42258800,CSCO
13.11.14,24.93,25.889999,24.879998999999998,25.68,57138800,CSCO
14.11.14,25.76,26.34,25.65,26.32,48667000,CSCO
17.11.14,26.110001,26.549999,26.0,26.469998999999998,33224000,CSCO
18.11.14,26.5,26.74,26.4,26.6,27223100,CSCO
19.11.14,26.58,26.620001000000002,26.299999,26.59,19882500,CSCO
20.11.14,26.49,26.84,26.35,26.809998999999998,23440100,CSCO
21.11.14,26.950001,27.049999,26.67,26.879998999999998,31912100,CSCO
24.11.14,26.879998999999998,27.120001000000002,26.879998999999998,27.030001000000002,26994800,CSCO
25.11.14,27.030001000000002,27.299999,27.030001000000002,27.280001000000002,28110100,CSCO
26.11.14,27.299999,27.459999,27.139999,27.43,19466000,CSCO
28.11.14,27.52,27.780001000000002,27.360001,27.639999,18138900,CSCO
01.12.14,27.5,27.610001,27.33,27.59,19670200,CSCO
02.12.14,27.6,27.959999,27.6,27.82,28247400,CSCO
03.12.14,27.709999,27.99,27.51,27.950001,27858600,CSCO
04.12.14,27.92,27.99,27.58,27.77,23797800,CSCO
05.12.14,27.790001,27.85,27.4,27.5,26722300,CSCO
08.12.14,27.42,27.530001000000002,27.15,27.23,24275900,CSCO
09.12.14,26.950001,27.48,26.83,27.42,25885900,CSCO
10.12.14,27.26,27.360001,26.790001,26.870001000000002,31773400,CSCO
11.12.14,26.969998999999998,27.360001,26.940001000000002,26.99,22902400,CSCO
12.12.14,26.709999,27.15,26.700001,26.860001,27032000,CSCO
15.12.14,26.889999,27.17,26.48,26.68,27503200,CSCO
16.12.14,26.5,27.17,26.15,26.59,36622000,CSCO
17.12.14,26.620001000000002,26.9,26.469998999999998,26.809998999999998,36617700,CSCO
18.12.14,27.040001,27.66,27.040001,27.65,34927700,CSCO
19.12.14,27.65,27.85,27.549999,27.77,59644100,CSCO
22.12.14,27.799999,28.290001,27.75,28.219998999999998,28858600,CSCO
23.12.14,28.219998999999998,28.5,28.190001000000002,28.25,23538600,CSCO
24.12.14,28.290001,28.59,28.290001,28.299999,11411200,CSCO
26.12.14,28.5,28.5,28.280001000000002,28.35,9739600,CSCO
29.12.14,28.35,28.57,28.32,28.459999,13445600,CSCO
30.12.14,28.440001000000002,28.48,28.309998999999998,28.360001,15487700,CSCO
31.12.14,28.280001000000002,28.41,27.809998999999998,27.82,21478700,CSCO
02.01.15,27.860001,28.120001000000002,27.379998999999998,27.610001,22926500,CSCO
05.01.15,27.32,27.450001,27.0,27.059998999999998,29460600,CSCO
06.01.15,27.139999,27.68,27.040001,27.049999,47297600,CSCO
07.01.15,27.139999,27.4,26.98,27.299999,27570800,CSCO
08.01.15,27.540001,28.09,27.469998999999998,27.51,40907000,CSCO
09.01.15,27.67,28.07,27.450001,27.790001,33619600,CSCO
12.01.15,28.0,28.200001,27.82,28.049999,38648400,CSCO
13.01.15,28.209999,28.700001,27.9,28.1,36074200,CSCO
14.01.15,27.84,28.049999,27.639999,27.92,29494400,CSCO
15.01.15,28.09,28.200001,27.35,27.41,29521100,CSCO
16.01.15,27.360001,27.77,27.209999,27.68,26655100,CSCO
20.01.15,27.76,28.27,27.66,28.07,33684200,CSCO
21.01.15,28.059998999999998,28.190001000000002,27.700001,27.84,29298500,CSCO
22.01.15,27.549999,28.51,27.219998999999998,28.5,49494700,CSCO
23.01.15,28.360001,28.5,28.139999,28.209999,21802500,CSCO
26.01.15,28.219998999999998,28.23,27.700001,27.969998999999998,18370100,CSCO
27.01.15,27.52,27.59,26.66,26.9,46110500,CSCO
28.01.15,27.389999,27.6,26.799999,26.809998999999998,32381700,CSCO
29.01.15,26.74,27.309998999999998,26.639999,27.219998999999998,28095400,CSCO
30.01.15,26.879998999999998,27.110001,26.32,26.370001000000002,38419100,CSCO
02.02.15,26.389999,26.870001000000002,25.92,26.83,29417000,CSCO
03.02.15,26.9,27.120001000000002,26.690001000000002,27.120001000000002,28044300,CSCO
04.02.15,27.059998999999998,27.219998999999998,26.610001,26.690001000000002,27696300,CSCO
05.02.15,26.75,27.299999,26.58,27.26,20548400,CSCO
06.02.15,27.370001000000002,27.66,27.139999,27.24,25482400,CSCO
09.02.15,27.209999,27.41,27.059998999999998,27.120001000000002,23681000,CSCO
10.02.15,27.16,27.540001,27.15,27.49,22250300,CSCO
11.02.15,27.65,27.65,26.9,26.93,46213500,CSCO
12.02.15,28.99,29.58,28.84,29.459999,117439100,CSCO
13.02.15,29.379998999999998,29.5,29.110001,29.43,50656700,CSCO
17.02.15,29.26,29.35,29.030001000000002,29.309998999999998,34217200,CSCO
18.02.15,29.190001000000002,29.549999,29.120001000000002,29.49,24503700,CSCO
19.02.15,29.309998999999998,29.389999,29.129998999999998,29.309998999999998,21477800,CSCO
20.02.15,29.35,29.66,29.16,29.610001,25985600,CSCO
23.02.15,29.629998999999998,29.65,29.42,29.629998999999998,24026800,CSCO
24.02.15,29.559998999999998,29.709999,29.43,29.629998999999998,18479500,CSCO
25.02.15,29.440001000000002,29.57,29.32,29.49,17368100,CSCO
26.02.15,29.52,29.99,29.52,29.91,28305200,CSCO
27.02.15,29.889999,29.91,29.379998999999998,29.51,29135500,CSCO
02.03.15,29.360001,30.309998999999998,29.34,30.190001000000002,35981900,CSCO
03.03.15,30.1,30.120001000000002,29.469998999999998,29.540001,32990300,CSCO
04.03.15,29.35,29.52,29.110001,29.33,32866900,CSCO
05.03.15,29.469998999999998,29.49,29.120001000000002,29.299999,17985000,CSCO
06.03.15,29.110001,29.27,28.799999,28.93,27035000,CSCO
09.03.15,28.9,29.450001,28.76,29.360001,23007700,CSCO
10.03.15,29.15,29.17,28.66,28.66,26542300,CSCO
11.03.15,28.68,28.76,28.209999,28.26,25160200,CSCO
12.03.15,28.049999,28.540001,28.049999,28.24,22978700,CSCO
13.03.15,28.02,28.26,27.57,27.940001000000002,36511000,CSCO
16.03.15,28.1,28.379998999999998,28.040001,28.299999,25358900,CSCO
17.03.15,28.190001000000002,28.280001000000002,27.950001,28.15,21895700,CSCO
18.03.15,27.879998999999998,28.34,27.719998999999998,28.15,34910900,CSCO
19.03.15,28.1,28.540001,28.030001000000002,28.26,27980400,CSCO
20.03.15,28.450001,28.620001000000002,28.32,28.440001000000002,37628700,CSCO
23.03.15,28.440001000000002,28.690001000000002,28.360001,28.41,23478600,CSCO
24.03.15,28.290001,28.57,27.99,28.0,23263600,CSCO
25.03.15,27.92,28.09,27.459999,27.459999,27158700,CSCO
26.03.15,27.190001000000002,27.309998999999998,26.620001000000002,27.09,48928100,CSCO
27.03.15,27.07,27.209999,26.940001000000002,27.129998999999998,20464500,CSCO
30.03.15,27.219998999999998,27.75,27.219998999999998,27.65,29056300,CSCO
31.03.15,27.34,27.690001000000002,27.280001000000002,27.530001000000002,29258300,CSCO
01.04.15,27.309998999999998,27.639999,27.1,27.25,22420500,CSCO
02.04.15,27.219998999999998,27.5,27.129998999999998,27.129998999999998,19527200,CSCO
06.04.15,26.959999,27.32,26.84,27.219998999999998,20004000,CSCO
07.04.15,27.200001,27.559998999999998,27.129998999999998,27.389999,16861800,CSCO
08.04.15,27.370001000000002,27.66,27.370001000000002,27.549999,19076400,CSCO
09.04.15,27.59,27.74,27.42,27.629998999999998,16684500,CSCO
10.04.15,27.58,28.08,27.559998999999998,28.040001,24634600,CSCO
13.04.15,27.99,28.280001000000002,27.940001000000002,27.98,22769600,CSCO
14.04.15,28.0,28.059998999999998,27.68,27.809998999999998,19296300,CSCO
15.04.15,28.1,28.42,27.969998999999998,28.25,31160900,CSCO
16.04.15,28.190001000000002,28.639999,28.1,28.6,29863500,CSCO
17.04.15,28.26,28.4,27.9,27.92,36904700,CSCO
20.04.15,28.16,28.629998999999998,28.16,28.48,21921800,CSCO
21.04.15,28.719998999999998,28.92,28.66,28.690001000000002,23956900,CSCO
22.04.15,28.67,28.790001,28.42,28.620001000000002,19111700,CSCO
23.04.15,28.4,28.82,28.200001,28.68,22230100,CSCO
24.04.15,29.190001000000002,29.280001000000002,28.67,28.82,27145600,CSCO
27.04.15,28.879998999999998,29.030001000000002,28.709999,28.889999,22952000,CSCO
28.04.15,28.799999,29.33,28.76,29.32,24315300,CSCO
29.04.15,29.059998999999998,29.25,28.9,29.049999,22463700,CSCO
30.04.15,28.85,29.02,28.68,28.83,26514500,CSCO
01.05.15,28.809998999999998,29.200001,28.780001000000002,29.129998999999998,18936000,CSCO
04.05.15,29.08,29.360001,29.07,29.17,16484100,CSCO
05.05.15,29.17,29.209999,28.84,28.889999,22463800,CSCO
06.05.15,28.9,29.08,28.690001000000002,28.969998999999998,23572000,CSCO
07.05.15,28.99,29.120001000000002,28.74,28.809998999999998,22643800,CSCO
08.05.15,28.99,29.370001000000002,28.99,29.23,22572400,CSCO
11.05.15,29.5,29.790001,29.200001,29.209999,27045200,CSCO
12.05.15,29.07,29.440001000000002,28.799999,29.23,31761000,CSCO
13.05.15,29.139999,29.469998999999998,29.129998999999998,29.35,38264000,CSCO
14.05.15,29.290001,29.66,28.969998999999998,29.049999,56696300,CSCO
15.05.15,29.24,29.82,29.16,29.549999,37677300,CSCO
18.05.15,29.42,29.9,29.42,29.76,23953000,CSCO
19.05.15,29.870001000000002,29.9,29.629998999999998,29.74,18926300,CSCO
20.05.15,29.799999,29.85,29.530001000000002,29.620001000000002,19410900,CSCO
21.05.15,29.610001,29.77,29.43,29.43,20806900,CSCO
22.05.15,29.389999,29.450001,29.26,29.26,20079700,CSCO
26.05.15,29.190001000000002,29.25,28.75,28.950001,25877100,CSCO
27.05.15,29.059998999999998,29.48,29.02,29.309998999999998,23959900,CSCO
28.05.15,29.34,29.559998999999998,29.16,29.35,18219600,CSCO
29.05.15,29.32,29.59,29.190001000000002,29.309998999999998,26018100,CSCO
01.06.15,29.6,29.620001000000002,29.049999,29.18,23799400,CSCO
02.06.15,29.09,29.27,28.950001,29.08,15995600,CSCO
03.06.15,29.209999,29.299999,29.049999,29.09,20536900,CSCO
04.06.15,28.9,29.1,28.540001,28.610001,26774500,CSCO
05.06.15,28.549999,28.709999,28.49,28.58,25357900,CSCO
08.06.15,28.67,28.700001,28.23,28.280001000000002,19011700,CSCO
09.06.15,28.27,28.42,28.01,28.24,15527500,CSCO
10.06.15,28.469998999999998,28.91,28.27,28.66,26223300,CSCO
11.06.15,28.75,29.219998999999998,28.75,28.860001,24387100,CSCO
12.06.15,28.66,28.67,28.309998999999998,28.540001,21919500,CSCO
15.06.15,28.23,28.52,28.110001,28.48,25722100,CSCO
16.06.15,28.35,28.790001,28.280001000000002,28.709999,16920300,CSCO
17.06.15,28.84,29.040001,28.66,28.93,20959000,CSCO
18.06.15,28.85,29.35,28.82,29.209999,24156100,CSCO
19.06.15,29.24,29.32,28.940001000000002,29.030001000000002,31970100,CSCO
22.06.15,29.1,29.219998999999998,28.82,28.940001000000002,20160000,CSCO
23.06.15,29.0,29.040001,28.620001000000002,28.790001,21041300,CSCO
24.06.15,28.790001,28.85,28.49,28.51,20978800,CSCO
25.06.15,28.559998999999998,28.65,28.379998999999998,28.4,14606100,CSCO
26.06.15,28.49,28.49,28.01,28.280001000000002,28087800,CSCO
29.06.15,27.99,28.110001,27.5,27.540001,31838300,CSCO
30.06.15,27.83,27.83,27.33,27.459999,31236800,CSCO
01.07.15,27.42,27.5,27.07,27.35,24461300,CSCO
02.07.15,27.370001000000002,27.57,27.290001,27.33,15635500,CSCO
06.07.15,27.0,27.26,26.889999,27.219998999999998,22858200,CSCO
07.07.15,27.219998999999998,27.450001,26.889999,27.360001,25436700,CSCO
08.07.15,27.08,27.16,26.84,26.99,27863400,CSCO
09.07.15,27.379998999999998,27.450001,26.9,26.91,20129700,CSCO
10.07.15,27.27,27.360001,27.040001,27.280001000000002,16079300,CSCO
13.07.15,27.49,27.799999,27.42,27.790001,20623100,CSCO
14.07.15,27.870001000000002,28.040001,27.700001,28.030001000000002,20932800,CSCO
15.07.15,27.860001,28.24,27.809998999999998,28.110001,23378400,CSCO
16.07.15,28.24,28.42,28.209999,28.32,21058100,CSCO
17.07.15,28.27,28.309998999999998,27.969998999999998,28.18,24248900,CSCO
20.07.15,28.129998999999998,28.16,27.879998999999998,28.030001000000002,19477000,CSCO
21.07.15,27.959999,28.25,27.790001,27.84,23874000,CSCO
22.07.15,27.83,28.059998999999998,27.440001000000002,27.530001000000002,26889200,CSCO
23.07.15,27.700001,28.25,27.58,28.01,34103200,CSCO
24.07.15,28.450001,28.77,28.379998999999998,28.4,39471700,CSCO
27.07.15,28.309998999999998,28.559998999999998,28.190001000000002,28.209999,30914400,CSCO
28.07.15,28.34,28.35,27.85,28.209999,23573200,CSCO
29.07.15,28.200001,28.52,28.02,28.4,21419900,CSCO
30.07.15,28.219998999999998,28.459999,28.200001,28.299999,17458100,CSCO
31.07.15,28.389999,28.559998999999998,28.16,28.42,20376000,CSCO
03.08.15,28.41,28.59,28.110001,28.360001,17450900,CSCO
04.08.15,28.219998999999998,28.459999,27.889999,28.030001000000002,18578100,CSCO
05.08.15,28.110001,28.6,28.1,28.27,19236200,CSCO
06.08.15,28.370001000000002,28.67,28.0,28.209999,20143800,CSCO
07.08.15,28.17,28.23,27.9,28.15,16039400,CSCO
10.08.15,28.48,28.700001,28.27,28.59,23740000,CSCO
11.08.15,28.24,28.389999,27.85,28.02,25391900,CSCO
12.08.15,27.799999,28.1,27.41,27.9,41085000,CSCO
13.08.15,28.780001000000002,29.209999,28.690001000000002,28.700001,61154000,CSCO
14.08.15,28.780001000000002,29.049999,28.75,29.030001000000002,24890800,CSCO
17.08.15,28.65,28.969998999999998,28.51,28.83,21264000,CSCO
18.08.15,28.709999,28.719998999999998,28.18,28.25,32210400,CSCO
19.08.15,28.1,28.24,27.719998999999998,27.799999,30023900,CSCO
20.08.15,27.559998999999998,27.75,27.040001,27.040001,37889400,CSCO
21.08.15,26.879998999999998,27.34,26.469998999999998,26.469998999999998,48502400,CSCO
24.08.15,24.889999,26.08,23.030001000000002,25.190001000000002,61667000,CSCO
25.08.15,25.940001000000002,25.99,24.6,24.620001000000002,40610100,CSCO
26.08.15,25.280001000000002,25.74,24.709999,25.68,54783200,CSCO
27.08.15,26.0,26.190001000000002,25.610001,26.17,36504700,CSCO
28.08.15,25.91,26.049999,25.82,26.0,26918900,CSCO
31.08.15,25.940001000000002,26.110001,25.74,25.879998999999998,32388300,CSCO
01.09.15,25.219998999999998,25.620001000000002,25.01,25.120001000000002,32705400,CSCO
02.09.15,25.59,25.66,25.08,25.65,27925300,CSCO
03.09.15,25.879998999999998,26.15,25.73,25.9,27958400,CSCO
04.09.15,25.42,25.65,25.35,25.52,26903500,CSCO
08.09.15,25.98,26.33,25.91,26.299999,20932900,CSCO
09.09.15,26.5,26.73,25.879998999999998,25.940001000000002,25032300,CSCO
10.09.15,25.9,26.49,25.85,26.26,26424600,CSCO
11.09.15,26.0,26.18,25.809998999999998,26.02,21529100,CSCO
14.09.15,26.15,26.17,25.66,25.700001,18636000,CSCO
15.09.15,25.559998999999998,26.08,25.559998999999998,25.98,20479400,CSCO
16.09.15,26.07,26.1,25.85,26.07,21245300,CSCO
17.09.15,25.959999,26.280001000000002,25.809998999999998,25.879998999999998,25409600,CSCO
18.09.15,25.57,25.74,25.25,25.540001,40020100,CSCO
21.09.15,25.450001,25.82,25.35,25.540001,21945600,CSCO
22.09.15,25.059998999999998,25.209999,24.969998999999998,25.139999,21305200,CSCO
23.09.15,25.219998999999998,25.309998999999998,25.01,25.280001000000002,18804200,CSCO
24.09.15,25.09,25.5,24.92,25.41,35598000,CSCO
25.09.15,25.809998999999998,26.299999,25.799999,26.030001000000002,37618300,CSCO
28.09.15,25.83,26.02,25.59,25.66,27211200,CSCO
29.09.15,25.639999,25.93,25.559998999999998,25.639999,27095600,CSCO
30.09.15,26.0,26.379998999999998,25.879998999999998,26.25,32093700,CSCO
01.10.15,26.049999,26.16,25.549999,25.73,26933200,CSCO
02.10.15,25.4,25.790001,25.34,25.76,34910700,CSCO
05.10.15,26.040001,26.98,25.969998999999998,26.85,30217900,CSCO
06.10.15,27.030001000000002,27.469998999999998,26.98,27.23,33758200,CSCO
07.10.15,27.52,27.950001,27.0,27.540001,29749700,CSCO
08.10.15,27.51,28.02,27.43,27.91,22500200,CSCO
09.10.15,28.01,28.15,27.82,27.91,22125800,CSCO
12.10.15,27.93,28.1,27.76,27.959999,14486000,CSCO
13.10.15,27.75,27.950001,27.74,27.85,15107200,CSCO
14.10.15,27.75,27.9,27.59,27.82,20144000,CSCO
15.10.15,28.1,28.190001000000002,27.870001000000002,28.15,18996900,CSCO
16.10.15,28.34,28.35,28.0,28.25,19948300,CSCO
19.10.15,28.120001000000002,28.290001,27.940001000000002,28.25,20778100,CSCO
20.10.15,28.200001,28.52,28.15,28.5,20335800,CSCO
21.10.15,28.6,28.82,28.219998999999998,28.280001000000002,19008900,CSCO
22.10.15,28.559998999999998,29.209999,28.5,29.01,32162500,CSCO
23.10.15,29.02,29.379998999999998,28.93,29.35,26076900,CSCO
26.10.15,29.32,29.49,28.879998999999998,28.950001,20354800,CSCO
27.10.15,28.719998999999998,29.059998999999998,28.58,29.049999,19480600,CSCO
28.10.15,29.290001,29.450001,29.040001,29.360001,23741400,CSCO
29.10.15,29.15,29.209999,28.93,29.139999,16717800,CSCO
30.10.15,29.0,29.25,28.85,28.85,22334100,CSCO
02.11.15,28.870001000000002,28.870001000000002,28.51,28.77,28912600,CSCO
03.11.15,28.610001,28.709999,28.49,28.610001,30555300,CSCO
04.11.15,28.790001,28.82,28.370001000000002,28.469998999999998,28591800,CSCO
05.11.15,28.5,28.610001,28.290001,28.43,21988600,CSCO
06.11.15,28.309998999999998,28.549999,28.16,28.450001,26107600,CSCO
09.11.15,28.35,28.49,28.0,28.18,25865900,CSCO
10.11.15,28.18,28.219998999999998,27.9,27.98,26701800,CSCO
11.11.15,28.1,28.1,27.75,27.82,32599300,CSCO
12.11.15,27.74,28.07,27.719998999999998,27.83,38135900,CSCO
13.11.15,26.290001,26.68,25.82,26.209999,94556200,CSCO
16.11.15,26.07,27.0,26.059998999999998,26.790001,44949600,CSCO
17.11.15,26.799999,27.27,26.68,26.809998999999998,30490200,CSCO
18.11.15,27.0,27.16,26.73,27.120001000000002,27015700,CSCO
19.11.15,27.1,27.65,27.049999,27.370001000000002,27417400,CSCO
20.11.15,27.59,27.780001000000002,27.459999,27.57,26502800,CSCO
23.11.15,27.65,27.84,27.34,27.43,24684600,CSCO
24.11.15,27.25,27.440001000000002,27.0,27.27,32859200,CSCO
25.11.15,27.32,27.389999,27.0,27.24,22472500,CSCO
27.11.15,27.25,27.48,27.24,27.32,9532300,CSCO
30.11.15,27.34,27.48,27.200001,27.25,30736700,CSCO
01.12.15,27.200001,27.65,27.200001,27.57,31406300,CSCO
02.12.15,27.49,27.9,27.370001000000002,27.440001000000002,29178200,CSCO
03.12.15,27.629998999999998,27.690001000000002,26.82,26.950001,25783800,CSCO
04.12.15,26.950001,27.549999,26.950001,27.48,28143700,CSCO
07.12.15,27.559998999999998,27.559998999999998,27.26,27.49,15350200,CSCO
08.12.15,27.17,27.290001,27.02,27.15,18635700,CSCO
09.12.15,26.959999,27.35,26.66,26.73,24127400,CSCO
10.12.15,26.74,27.040001,26.66,26.77,23382400,CSCO
11.12.15,26.49,26.49,26.129998999999998,26.16,34295700,CSCO
14.12.15,26.299999,26.52,25.959999,26.49,32642100,CSCO
15.12.15,26.719998999999998,27.110001,26.610001,26.85,30393700,CSCO
16.12.15,27.0,27.290001,26.68,27.24,22731500,CSCO
17.12.15,27.290001,27.309998999999998,26.700001,26.719998999999998,24812200,CSCO
18.12.15,26.6,26.82,26.26,26.27,36732700,CSCO
21.12.15,26.58,26.65,26.41,26.639999,20242900,CSCO
22.12.15,26.85,26.9,26.559998999999998,26.889999,18966300,CSCO
23.12.15,27.040001,27.41,27.0,27.4,18803700,CSCO
24.12.15,27.41,27.549999,27.370001000000002,27.379998999999998,8166300,CSCO
28.12.15,27.299999,27.370001000000002,27.129998999999998,27.309998999999998,14204900,CSCO
29.12.15,27.440001000000002,27.82,27.4,27.77,16319600,CSCO
30.12.15,27.66,27.77,27.52,27.530001000000002,10620300,CSCO
31.12.15,27.379998999999998,27.450001,27.139999,27.16,17041500,CSCO
04.01.16,26.389999,26.42,25.879998999999998,26.41,35827100,CSCO
05.01.16,26.540001,26.66,26.18,26.290001,22024900,CSCO
06.01.16,26.08,26.139999,25.82,26.01,30799800,CSCO
07.01.16,25.49,25.74,25.120001000000002,25.41,43235400,CSCO
08.01.16,25.549999,25.629998999999998,24.719998999999998,24.780001000000002,28609700,CSCO
11.01.16,24.93,25.35,24.93,25.27,32346900,CSCO
12.01.16,25.51,25.57,25.030001000000002,25.35,30122400,CSCO
13.01.16,25.42,25.52,24.57,24.6,33431600,CSCO
14.01.16,24.690001000000002,24.9,24.459999,24.66,42902400,CSCO
15.01.16,23.93,24.43,23.57,23.620001000000002,64092800,CSCO
19.01.16,23.799999,24.030001000000002,23.59,23.85,52533500,CSCO
20.01.16,23.4,23.51,22.469998999999998,22.9,83632400,CSCO
21.01.16,23.09,23.450001,22.870001000000002,22.9,46267900,CSCO
22.01.16,23.6,23.639999,22.99,23.370001000000002,55049000,CSCO
25.01.16,23.379998999999998,23.52,23.139999,23.17,64066100,CSCO
26.01.16,23.24,23.85,23.24,23.719998999999998,25162200,CSCO
27.01.16,23.690001000000002,23.9,23.299999,23.43,24654000,CSCO
28.01.16,23.73,23.790001,22.98,23.110001,31833500,CSCO
29.01.16,23.4,23.799999,23.200001,23.790001,39692600,CSCO
01.02.16,23.459999,23.57,23.23,23.48,24006400,CSCO
02.02.16,23.23,23.25,22.73,22.83,36203700,CSCO
03.02.16,23.09,23.18,22.58,23.1,32231400,CSCO
04.02.16,23.17,23.57,22.93,23.540001,29280500,CSCO
05.02.16,23.51,23.66,22.809998999999998,22.889999,32641000,CSCO
08.02.16,22.629998999999998,23.02,22.48,22.93,38842100,CSCO
09.02.16,22.6,22.860001,22.530001000000002,22.65,30767200,CSCO
10.02.16,23.129998999999998,23.129998999999998,22.459999,22.51,36896100,CSCO
11.02.16,24.09,24.969998999999998,24.09,24.68,92696000,CSCO
12.02.16,24.889999,25.360001,24.52,25.110001,49753600,CSCO
16.02.16,25.27,25.98,25.190001000000002,25.84,40401700,CSCO
17.02.16,26.17,26.59,26.08,26.459999,36904700,CSCO
18.02.16,26.440001000000002,26.58,26.280001000000002,26.43,31288200,CSCO
19.02.16,26.27,26.559998999999998,26.25,26.549999,28791700,CSCO
22.02.16,26.870001000000002,26.91,26.42,26.629998999999998,24608100,CSCO
23.02.16,26.540001,26.540001,26.059998999999998,26.120001000000002,28097500,CSCO
24.02.16,25.889999,26.33,25.65,26.32,22960800,CSCO
25.02.16,26.49,26.6,26.200001,26.6,18655100,CSCO
26.02.16,26.799999,26.85,26.32,26.41,18113000,CSCO
29.02.16,26.42,26.65,26.15,26.18,24763100,CSCO
01.03.16,26.450001,26.93,26.24,26.83,25245400,CSCO
02.03.16,26.799999,26.91,26.6,26.9,19020100,CSCO
03.03.16,26.950001,26.969998999999998,26.59,26.870001000000002,19002200,CSCO
04.03.16,26.92,26.959999,26.67,26.799999,19429900,CSCO
07.03.16,26.58,27.18,26.33,27.139999,21500100,CSCO
08.03.16,26.969998999999998,27.299999,26.690001000000002,27.049999,23821300,CSCO
09.03.16,27.24,27.799999,27.120001000000002,27.610001,38890200,CSCO
10.03.16,27.76,27.98,27.030001000000002,27.379998999999998,33327300,CSCO
11.03.16,27.82,27.91,27.67,27.860001,21873100,CSCO
14.03.16,27.82,27.860001,27.6,27.700001,18291700,CSCO
15.03.16,27.48,27.690001000000002,27.450001,27.66,16917200,CSCO
16.03.16,27.52,27.950001,27.51,27.879998999999998,19087800,CSCO
17.03.16,27.92,28.440001000000002,27.870001000000002,28.190001000000002,28501900,CSCO
18.03.16,28.23,28.379998999999998,27.969998999999998,28.33,43132400,CSCO
21.03.16,28.1,28.35,28.040001,28.190001000000002,23799200,CSCO
22.03.16,28.200001,28.379998999999998,27.9,28.280001000000002,23599300,CSCO
23.03.16,28.26,28.280001000000002,27.73,27.83,19217500,CSCO
24.03.16,27.77,28.01,27.59,27.959999,15871900,CSCO
28.03.16,27.99,28.030001000000002,27.790001,27.9,12785900,CSCO
29.03.16,27.870001000000002,28.190001000000002,27.690001000000002,28.1,17139300,CSCO
30.03.16,28.34,28.68,28.26,28.459999,19390200,CSCO
31.03.16,28.530001000000002,28.67,28.35,28.469998999999998,18377600,CSCO
01.04.16,28.299999,28.700001,28.120001000000002,28.690001000000002,23026400,CSCO
04.04.16,28.370001000000002,28.41,28.01,28.139999,17890000,CSCO
05.04.16,27.639999,27.83,27.459999,27.58,24245700,CSCO
06.04.16,27.700001,28.040001,27.620001000000002,28.0,20395800,CSCO
07.04.16,27.9,27.9,27.530001000000002,27.6,17016800,CSCO
08.04.16,27.709999,27.950001,27.58,27.690001000000002,14495600,CSCO
11.04.16,27.879998999999998,28.18,27.610001,27.620001000000002,18762900,CSCO
12.04.16,27.139999,27.66,26.950001,27.639999,27741400,CSCO
13.04.16,27.959999,28.280001000000002,27.719998999999998,28.23,25433300,CSCO
14.04.16,28.379998999999998,28.4,28.1,28.25,15049100,CSCO
15.04.16,28.1,28.129998999999998,27.73,27.9,23804400,CSCO
18.04.16,27.9,28.25,27.799999,28.190001000000002,15762900,CSCO
19.04.16,28.33,28.440001000000002,28.200001,28.33,20307700,CSCO
20.04.16,28.4,28.68,28.26,28.440001000000002,19937800,CSCO
21.04.16,28.42,28.51,28.16,28.24,17339900,CSCO
22.04.16,28.299999,28.549999,28.07,28.15,23147600,CSCO
25.04.16,28.110001,28.280001000000002,27.98,28.23,16434800,CSCO
26.04.16,28.27,28.49,28.219998999999998,28.450001,18151500,CSCO
27.04.16,28.440001000000002,28.65,28.309998999999998,28.639999,20931000,CSCO
28.04.16,28.450001,28.59,27.790001,27.959999,29616200,CSCO
29.04.16,27.719998999999998,27.83,27.139999,27.49,33890100,CSCO
02.05.16,27.48,27.52,27.200001,27.370001000000002,27361700,CSCO
03.05.16,27.16,27.190001000000002,26.610001,26.860001,35319600,CSCO
04.05.16,26.799999,26.82,26.280001000000002,26.440001000000002,32850800,CSCO
05.05.16,26.459999,26.57,26.209999,26.209999,23082200,CSCO
06.05.16,26.190001000000002,26.540001,25.809998999999998,26.530001000000002,25625300,CSCO
09.05.16,26.52,26.68,26.389999,26.51,16990400,CSCO
10.05.16,26.67,27.1,26.51,27.030001000000002,22642500,CSCO
11.05.16,27.09,27.110001,26.68,26.700001,19326100,CSCO
12.05.16,26.809998999999998,26.809998999999998,26.41,26.67,19681900,CSCO
13.05.16,26.549999,26.889999,26.459999,26.530001000000002,20865100,CSCO
16.05.16,26.57,27.120001000000002,26.559998999999998,26.969998999999998,20885900,CSCO
17.05.16,26.9,27.059998999999998,26.549999,26.65,25921300,CSCO
18.05.16,26.610001,26.959999,26.49,26.719998999999998,32345500,CSCO
19.05.16,27.99,28.290001,27.4,27.57,50174600,CSCO
20.05.16,27.629998999999998,28.15,27.620001000000002,27.969998999999998,32703000,CSCO
23.05.16,27.780001000000002,28.25,27.780001000000002,27.940001000000002,19850000,CSCO
24.05.16,28.01,28.58,28.01,28.469998999999998,26514800,CSCO
25.05.16,28.58,29.0,28.52,28.92,25696800,CSCO
26.05.16,28.860001,29.040001,28.799999,28.9,19366300,CSCO
27.05.16,28.950001,29.040001,28.790001,28.92,16673300,CSCO
31.05.16,28.799999,29.08,28.76,29.049999,28606300,CSCO
01.06.16,28.84,29.040001,28.799999,28.9,22268700,CSCO
02.06.16,28.98,29.15,28.92,29.08,19538200,CSCO
03.06.16,29.129998999999998,29.209999,28.9,29.129998999999998,18677700,CSCO
06.06.16,29.07,29.41,29.059998999999998,29.1,16167100,CSCO
07.06.16,28.9,29.35,28.82,29.07,21566600,CSCO
08.06.16,29.09,29.27,29.059998999999998,29.139999,17772900,CSCO
09.06.16,28.969998999999998,29.190001000000002,28.83,29.139999,18349900,CSCO
10.06.16,28.790001,29.030001000000002,28.77,29.030001000000002,18244200,CSCO
13.06.16,28.969998999999998,29.190001000000002,28.82,28.84,17137000,CSCO
14.06.16,28.66,29.0,28.629998999999998,28.959999,19279700,CSCO
15.06.16,28.49,28.860001,28.41,28.65,30738600,CSCO
16.06.16,28.379998999999998,28.92,28.370001000000002,28.870001000000002,17504100,CSCO
17.06.16,28.879998999999998,29.0,28.690001000000002,28.950001,32333500,CSCO
20.06.16,29.040001,29.219998999999998,28.780001000000002,28.799999,22100800,CSCO
21.06.16,28.969998999999998,29.0,28.73,28.77,19098600,CSCO
22.06.16,28.870001000000002,29.08,28.68,28.719998999999998,18273300,CSCO
23.06.16,29.030001000000002,29.23,28.959999,29.219998999999998,19415600,CSCO
24.06.16,28.16,28.57,27.700001,27.75,44408900,CSCO
27.06.16,27.48,27.549999,27.129998999999998,27.309998999999998,29973100,CSCO
28.06.16,27.549999,27.85,27.5,27.790001,24646900,CSCO
29.06.16,28.129998999999998,28.33,27.9,28.26,25593000,CSCO
30.06.16,28.379998999999998,28.690001000000002,28.07,28.690001000000002,25184400,CSCO
01.07.16,28.780001000000002,28.93,28.59,28.799999,20901300,CSCO
05.07.16,28.23,28.620001000000002,28.219998999999998,28.33,22116900,CSCO
06.07.16,28.450001,28.77,28.17,28.719998999999998,24844000,CSCO
07.07.16,28.719998999999998,28.9,28.610001,28.74,17394900,CSCO
08.07.16,28.91,29.280001000000002,28.879998999999998,29.26,24647400,CSCO
11.07.16,29.34,29.700001,29.26,29.43,22045200,CSCO
12.07.16,29.719998999999998,29.74,29.52,29.610001,22157500,CSCO
13.07.16,29.719998999999998,29.83,29.58,29.75,18038100,CSCO
14.07.16,29.84,29.99,29.639999,29.76,19332200,CSCO
15.07.16,29.93,29.950001,29.66,29.82,17800400,CSCO
18.07.16,29.75,30.0,29.74,29.91,17484900,CSCO
19.07.16,29.91,30.01,29.77,29.92,18516000,CSCO
20.07.16,30.040001,30.690001000000002,29.98,30.629998999999998,50168800,CSCO
21.07.16,30.639999,30.719998999999998,30.370001000000002,30.58,21582700,CSCO
22.07.16,30.700001,30.870001000000002,30.540001,30.709999,19399600,CSCO
25.07.16,30.67,30.83,30.629998999999998,30.790001,15174200,CSCO
26.07.16,30.799999,31.15,30.709999,30.879998999999998,21328200,CSCO
27.07.16,30.950001,30.969998999999998,30.66,30.76,22723000,CSCO
28.07.16,30.65,30.74,30.370001000000002,30.52,22470500,CSCO
29.07.16,30.6,30.690001000000002,30.469998999999998,30.530001000000002,23807200,CSCO
01.08.16,30.700001,30.75,30.360001,30.73,22438700,CSCO
02.08.16,30.82,30.82,30.4,30.620001000000002,24485200,CSCO
03.08.16,30.51,30.74,30.51,30.719998999999998,15962500,CSCO
04.08.16,30.780001000000002,30.91,30.709999,30.799999,18586500,CSCO
05.08.16,30.9,31.07,30.690001000000002,31.040001,18873300,CSCO
08.08.16,31.0,31.190001000000002,30.860001,31.01,19019900,CSCO
09.08.16,31.110001,31.25,30.84,30.940001000000002,19159500,CSCO
10.08.16,31.01,31.129998999999998,30.74,30.85,16684300,CSCO
11.08.16,30.950001,31.02,30.860001,30.950001,24020900,CSCO
12.08.16,30.92,30.99,30.799999,30.870001000000002,13430600,CSCO
15.08.16,30.98,31.24,30.889999,31.190001000000002,21944700,CSCO
16.08.16,31.219998999999998,31.23,30.98,31.120001000000002,23399700,CSCO
17.08.16,30.969998999999998,30.969998999999998,30.33,30.719998999999998,55071200,CSCO
18.08.16,30.41,30.67,30.059998999999998,30.48,48710500,CSCO
19.08.16,30.370001000000002,30.65,30.24,30.52,25131300,CSCO
22.08.16,30.440001000000002,30.780001000000002,30.370001000000002,30.629998999999998,28680000,CSCO
23.08.16,30.83,31.059998999999998,30.790001,30.98,23493600,CSCO
24.08.16,30.98,31.200001,30.950001,31.059998999999998,24474700,CSCO
25.08.16,31.059998999999998,31.389999,31.02,31.290001,22917100,CSCO
26.08.16,31.34,31.66,31.190001000000002,31.35,21106200,CSCO
29.08.16,31.43,31.700001,31.41,31.58,21101700,CSCO
30.08.16,31.610001,31.66,31.41,31.540001,17794800,CSCO
31.08.16,31.450001,31.58,31.25,31.440001000000002,20418800,CSCO
01.09.16,31.42,31.639999,31.26,31.58,15980500,CSCO
02.09.16,31.65,31.950001,31.65,31.83,18156500,CSCO
06.09.16,31.93,31.940001000000002,31.700001,31.870001000000002,17656500,CSCO
07.09.16,31.790001,31.93,31.75,31.790001,14050500,CSCO
08.09.16,31.719998999999998,31.75,31.42,31.469998999999998,19913700,CSCO
09.09.16,31.139999,31.34,30.85,30.85,25450500,CSCO
12.09.16,30.610001,31.5,30.6,31.440001000000002,22612500,CSCO
13.09.16,31.26,31.35,30.9,31.059998999999998,23617900,CSCO
14.09.16,31.01,31.23,30.809998999999998,31.0,24262900,CSCO
15.09.16,30.629998999999998,31.389999,30.610001,31.309998999999998,25554500,CSCO
16.09.16,31.120001000000002,31.139999,30.700001,30.84,37416300,CSCO
19.09.16,30.85,31.25,30.82,31.02,16833500,CSCO
20.09.16,31.08,31.219998999999998,31.040001,31.1,15878900,CSCO
21.09.16,31.110001,31.379998999999998,30.969998999999998,31.360001,21169400,CSCO
22.09.16,31.5,31.799999,31.49,31.66,20261900,CSCO
23.09.16,31.709999,31.799999,31.309998999999998,31.34,20442200,CSCO
26.09.16,31.1,31.16,30.790001,31.07,20361500,CSCO
27.09.16,31.09,31.610001,30.959999,31.48,18045400,CSCO
28.09.16,31.440001000000002,31.59,31.360001,31.5,15841000,CSCO
29.09.16,31.51,31.57,31.25,31.389999,15417100,CSCO
30.09.16,31.610001,31.799999,31.559998999999998,31.719998999999998,30380600,CSCO
03.10.16,31.309998999999998,31.58,31.200001,31.5,14070500,CSCO
04.10.16,31.459999,31.629998999999998,31.15,31.35,18460400,CSCO
05.10.16,31.41,31.68,31.41,31.59,11808600,CSCO
06.10.16,31.57,31.629998999999998,31.209999,31.48,14077100,CSCO
07.10.16,31.48,31.6,31.23,31.469998999999998,13073200,CSCO
10.10.16,31.540001,31.68,31.440001000000002,31.469998999999998,12759400,CSCO
11.10.16,31.52,31.530001000000002,30.85,31.040001,19412000,CSCO
12.10.16,30.530001000000002,30.629998999999998,29.940001000000002,30.34,36899900,CSCO
13.10.16,30.09,30.25,29.860001,30.17,24286600,CSCO
14.10.16,30.35,30.549999,30.16,30.18,20545100,CSCO
17.10.16,30.129998999999998,30.42,30.1,30.219998999999998,13957500,CSCO
18.10.16,30.690001000000002,30.690001000000002,30.43,30.440001000000002,14444900,CSCO
19.10.16,30.440001000000002,30.450001,30.190001000000002,30.35,14830900,CSCO
20.10.16,30.280001000000002,30.370001000000002,30.040001,30.16,17315300,CSCO
21.10.16,30.01,30.200001,29.92,30.15,15140500,CSCO
24.10.16,30.34,30.5,30.299999,30.459999,14115300,CSCO
25.10.16,30.5,30.51,30.23,30.34,15257800,CSCO
26.10.16,30.59,30.860001,30.32,30.549999,18008600,CSCO
27.10.16,30.6,30.67,30.360001,30.379998999999998,16926200,CSCO
28.10.16,30.360001,30.799999,30.35,30.59,19946800,CSCO
31.10.16,30.34,30.77,30.32,30.68,23225400,CSCO
01.11.16,30.85,30.860001,30.23,30.48,17542100,CSCO
02.11.16,30.43,30.68,30.23,30.389999,19174000,CSCO
03.11.16,30.5,30.559998999999998,30.24,30.32,15937100,CSCO
04.11.16,29.98,30.5,29.629998999999998,30.190001000000002,18524000,CSCO
07.11.16,30.709999,31.059998999999998,30.610001,30.940001000000002,23061100,CSCO
08.11.16,30.940001000000002,31.200001,30.73,31.0,19399800,CSCO
09.11.16,31.040001,31.49,30.700001,31.360001,38564100,CSCO
10.11.16,31.41,31.76,30.809998999999998,31.0,38345000,CSCO
11.11.16,30.93,31.469998999999998,30.92,31.360001,23150300,CSCO
14.11.16,31.43,31.67,31.35,31.370001000000002,22917600,CSCO
15.11.16,31.27,31.85,31.27,31.700001,24160200,CSCO
16.11.16,31.620001000000002,31.889999,31.51,31.57,27097100,CSCO
17.11.16,29.91,30.049999,29.610001,30.049999,75252300,CSCO
18.11.16,30.110001,30.360001,30.01,30.18,38748600,CSCO
21.11.16,30.299999,30.33,30.01,30.049999,27481700,CSCO
22.11.16,30.08,30.190001000000002,29.85,29.889999,26769300,CSCO
23.11.16,29.83,29.950001,29.559998999999998,29.709999,24496800,CSCO
25.11.16,29.6,30.15,29.549999,30.09,17678900,CSCO
28.11.16,30.08,30.09,29.82,29.92,21468900,CSCO
29.11.16,29.940001000000002,30.1,29.790001,29.83,23553700,CSCO
30.11.16,29.76,29.950001,29.68,29.82,26224900,CSCO
01.12.16,29.84,29.85,29.4,29.450001,25996200,CSCO
02.12.16,29.309998999999998,29.559998999999998,29.120001000000002,29.25,27069500,CSCO
05.12.16,29.33,29.6,29.290001,29.530001000000002,20865800,CSCO
06.12.16,29.42,29.59,29.24,29.33,27352100,CSCO
07.12.16,29.48,30.040001,29.32,29.950001,30180100,CSCO
08.12.16,30.110001,30.33,29.92,29.950001,21369900,CSCO
09.12.16,29.98,30.07,29.73,30.059998999999998,21362000,CSCO
12.12.16,30.08,30.200001,30.030001000000002,30.17,17287800,CSCO
13.12.16,30.299999,30.639999,30.200001,30.59,25052900,CSCO
14.12.16,30.6,31.07,30.41,30.459999,27556000,CSCO
15.12.16,30.59,30.799999,30.51,30.629998999999998,20914100,CSCO
16.12.16,30.700001,30.719998999999998,30.27,30.59,45875500,CSCO
19.12.16,30.65,30.870001000000002,30.540001,30.75,18178500,CSCO
20.12.16,30.83,30.870001000000002,30.459999,30.559998999999998,17475200,CSCO
21.12.16,30.690001000000002,30.690001000000002,30.41,30.42,14488900,CSCO
22.12.16,30.4,30.48,30.25,30.459999,12935800,CSCO
23.12.16,30.540001,30.6,30.4,30.530001000000002,9167500,CSCO
27.12.16,30.639999,30.82,30.6,30.68,14175500,CSCO
28.12.16,30.700001,30.77,30.35,30.42,12022200,CSCO
29.12.16,30.370001000000002,30.549999,30.33,30.459999,10995600,CSCO
30.12.16,30.559998999999998,30.6,30.129998999999998,30.219998999999998,20190000,CSCO
03.01.17,30.370001000000002,30.559998999999998,30.209999,30.540001,22370600,CSCO
04.01.17,30.24,30.42,30.02,30.1,22281000,CSCO
05.01.17,30.1,30.360001,30.07,30.17,18372500,CSCO
06.01.17,30.17,30.35,30.030001000000002,30.23,15923200,CSCO
09.01.17,30.219998999999998,30.33,30.08,30.18,17177800,CSCO
10.01.17,30.190001000000002,30.549999,30.1,30.379998999999998,21046000,CSCO
11.01.17,30.33,30.41,30.030001000000002,30.15,22291300,CSCO
12.01.17,30.15,30.16,29.799999,30.040001,18611100,CSCO
13.01.17,30.1,30.219998999999998,30.01,30.07,17136600,CSCO
17.01.17,30.0,30.25,29.84,29.99,21983500,CSCO
18.01.17,30.120001000000002,30.18,29.950001,30.030001000000002,15724000,CSCO
19.01.17,30.01,30.190001000000002,29.92,29.98,16866000,CSCO
20.01.17,30.120001000000002,30.25,30.0,30.1,22754400,CSCO
23.01.17,30.139999,30.299999,30.09,30.27,17155300,CSCO
24.01.17,30.34,30.75,30.290001,30.6,24934200,CSCO
25.01.17,31.040001,31.049999,30.65,30.700001,23630500,CSCO
26.01.17,30.76,30.84,30.559998999999998,30.74,20116800,CSCO
27.01.17,30.76,30.98,30.629998999999998,30.98,18461900,CSCO
30.01.17,30.940001000000002,31.0,30.629998999999998,30.83,15481800,CSCO
31.01.17,30.68,30.889999,30.58,30.719998999999998,16603100,CSCO
01.02.17,30.85,30.85,30.42,30.5,19504600,CSCO
02.02.17,30.690001000000002,31.26,30.530001000000002,31.18,27456700,CSCO
03.02.17,31.27,31.35,31.120001000000002,31.32,21288800,CSCO
06.02.17,31.290001,31.309998999999998,31.120001000000002,31.299999,16774200,CSCO
07.02.17,31.379998999999998,31.639999,31.33,31.450001,18420200,CSCO
08.02.17,31.459999,31.549999,31.25,31.27,20434300,CSCO
09.02.17,31.35,31.690001000000002,31.299999,31.5,18706900,CSCO
10.02.17,31.48,31.629998999999998,31.24,31.51,21557700,CSCO
13.02.17,31.67,32.0,31.549999,31.969998999999998,26518800,CSCO
14.02.17,31.9,32.310001,31.77,32.310001,31463500,CSCO
15.02.17,32.349998,32.84,32.290001000000004,32.82,41169400,CSCO
16.02.17,33.259997999999996,33.970001,33.25,33.599998,50143700,CSCO
17.02.17,33.52,33.77,33.43,33.740002000000004,31841200,CSCO
21.02.17,33.689999,34.209998999999996,33.66,34.130001,26992700,CSCO
22.02.17,34.040001000000004,34.150002,33.66,34.09,26632700,CSCO
23.02.17,34.279999,34.279999,33.950001,34.040001000000004,17450100,CSCO
24.02.17,33.98,34.32,33.799999,34.32,21137300,CSCO
27.02.17,34.209998999999996,34.32,34.119999,34.259997999999996,15625400,CSCO
28.02.17,34.16,34.290001000000004,34.040001000000004,34.18,23093100,CSCO
01.03.17,34.279999,34.509997999999996,34.18,34.439999,22754200,CSCO
02.03.17,34.41,34.529999,34.209998999999996,34.389998999999996,16137700,CSCO
03.03.17,34.419998,34.439999,34.23,34.290001000000004,14175000,CSCO
06.03.17,34.040001000000004,34.279999,33.959998999999996,34.189999,17605100,CSCO
07.03.17,34.0,34.25,33.990002000000004,34.200001,21033700,CSCO
08.03.17,34.18,34.23,33.93,34.02,18686700,CSCO
09.03.17,34.040001000000004,34.110001000000004,33.869999,34.07,17490200,CSCO
10.03.17,34.240002000000004,34.299999,34.080002,34.259997999999996,19038400,CSCO
13.03.17,34.220001,34.330002,34.0,34.099998,16164800,CSCO
14.03.17,33.939999,34.139998999999996,33.84,34.119999,14578400,CSCO
15.03.17,34.07,34.349998,34.049999,34.240002000000004,14961700,CSCO
16.03.17,34.25,34.48,34.099998,34.23,14521600,CSCO
17.03.17,34.349998,34.380001,34.189999,34.23,26787200,CSCO
20.03.17,34.200001,34.389998999999996,34.200001,34.279999,14974100,CSCO
21.03.17,34.450001,34.470001,33.779999,33.880001,21406000,CSCO
22.03.17,33.779999,34.200001,33.779999,34.099998,16646100,CSCO
23.03.17,34.080002,34.259997999999996,33.91,33.959998999999996,16709300,CSCO
24.03.17,34.07,34.299999,33.950001,34.080002,18125100,CSCO
27.03.17,33.82,34.029999,33.75,33.990002000000004,17740600,CSCO
28.03.17,33.900002,34.209998999999996,33.82,34.02,21179300,CSCO
29.03.17,34.0,34.049999,33.650002,33.740002000000004,16504100,CSCO
30.03.17,33.799999,33.93,33.720001,33.740002000000004,12801600,CSCO
31.03.17,33.720001,33.880001,33.66,33.799999,14038500,CSCO
03.04.17,33.700001,33.939999,33.459998999999996,33.580002,19367800,CSCO
04.04.17,33.25,33.419998,32.93,33.41,18602600,CSCO
05.04.17,33.490002000000004,33.529999,32.970001,33.0,17572500,CSCO
06.04.17,33.0,33.279999,32.889998999999996,33.080002,15316800,CSCO
07.04.17,33.099998,33.150002,32.919998,32.959998999999996,13942800,CSCO
10.04.17,32.959998999999996,33.220001,32.869999,33.009997999999996,14824100,CSCO
11.04.17,33.040001000000004,33.080002,32.639998999999996,32.919998,18945800,CSCO
12.04.17,32.860001000000004,32.959998999999996,32.5,32.619999,25455100,CSCO
13.04.17,32.709998999999996,32.849998,32.419998,32.419998,16234900,CSCO
17.04.17,32.48,32.669998,32.450001,32.610001000000004,11961200,CSCO
18.04.17,32.560001,32.73,32.450001,32.669998,13349600,CSCO
19.04.17,32.799999,32.889998999999996,32.610001000000004,32.650002,16373800,CSCO
20.04.17,32.790001000000004,32.950001,32.720001,32.830002,11927500,CSCO
21.04.17,32.939999,32.939999,32.669998,32.82,13877700,CSCO
24.04.17,33.240002000000004,33.360001000000004,33.130001,33.279999,15400500,CSCO
25.04.17,33.389998999999996,33.52,33.349998,33.419998,15058800,CSCO
26.04.17,33.580002,33.630001,33.369999,33.400002,17949700,CSCO
27.04.17,34.009997999999996,34.110001000000004,33.619999,33.75,26639000,CSCO
28.04.17,33.880001,34.080002,33.669998,34.07,20461700,CSCO
01.05.17,34.110001000000004,34.139998999999996,33.810001,33.970001,13577300,CSCO
02.05.17,34.060001,34.240002000000004,33.93,34.240002000000004,15983600,CSCO
03.05.17,34.16,34.34,34.119999,34.25,14432200,CSCO
04.05.17,34.330002,34.490002000000004,34.07,34.18,13638500,CSCO
05.05.17,34.25,34.400002,34.07,34.389998999999996,15091800,CSCO
08.05.17,34.459998999999996,34.599998,34.150002,34.290001000000004,13232700,CSCO
09.05.17,34.139998999999996,34.259997999999996,33.84,33.900002,18855900,CSCO
10.05.17,33.900002,33.900002,33.580002,33.740002000000004,17481400,CSCO
11.05.17,33.720001,33.82,33.48,33.630001,17515600,CSCO
12.05.17,33.599998,33.619999,33.139998999999996,33.450001,20194300,CSCO
15.05.17,34.0,34.459998999999996,33.970001,34.23,31531000,CSCO
16.05.17,34.240002000000004,34.330002,34.029999,34.299999,18950000,CSCO
17.05.17,34.200001,34.310001,33.799999,33.82,38787800,CSCO
18.05.17,31.1,31.51,30.370001000000002,31.379998999999998,85500500,CSCO
19.05.17,31.74,31.780001000000002,31.02,31.209999,39859200,CSCO
22.05.17,31.15,31.98,31.15,31.59,35085200,CSCO
23.05.17,31.83,31.870001000000002,31.52,31.76,29827500,CSCO
24.05.17,31.93,31.940001000000002,31.219998999999998,31.49,23446300,CSCO
25.05.17,31.549999,31.690001000000002,31.370001000000002,31.440001000000002,21586500,CSCO
26.05.17,31.51,31.59,31.360001,31.5,16403100,CSCO
30.05.17,31.4,31.809998999999998,31.389999,31.68,17108300,CSCO
31.05.17,31.780001000000002,31.889999,31.469998999999998,31.530001000000002,30196700,CSCO
01.06.17,31.52,31.82,31.469998999999998,31.82,15525500,CSCO
02.06.17,31.93,32.060001,31.68,31.98,20085200,CSCO
05.06.17,32.049999,32.049999,31.57,31.76,15976000,CSCO
06.06.17,31.75,31.76,31.5,31.559998999999998,16186600,CSCO
07.06.17,31.610001,31.719998999999998,31.440001000000002,31.610001,14948400,CSCO
08.06.17,31.530001000000002,31.809998999999998,31.52,31.610001,21828600,CSCO
09.06.17,31.639999,31.83,31.09,31.370001000000002,25376600,CSCO
12.06.17,31.34,31.639999,31.15,31.25,25784400,CSCO
13.06.17,31.299999,31.799999,31.280001000000002,31.700001,27781000,CSCO
14.06.17,31.870001000000002,31.969998999999998,31.33,31.6,24940400,CSCO
15.06.17,31.25,31.639999,31.219998999999998,31.58,19328000,CSCO
16.06.17,31.610001,31.639999,31.200001,31.629998999999998,36367400,CSCO
19.06.17,31.77,32.02,31.58,31.99,18459200,CSCO
20.06.17,31.940001000000002,32.16,31.84,31.85,18190100,CSCO
21.06.17,31.73,31.870001000000002,31.51,31.84,20386100,CSCO
22.06.17,31.91,32.0,31.700001,31.85,19436600,CSCO
23.06.17,31.85,32.299999,31.75,32.09,25792200,CSCO
26.06.17,32.220001,32.5,32.18,32.240002000000004,22175000,CSCO
27.06.17,32.09,32.259997999999996,31.76,31.76,23224200,CSCO
28.06.17,31.780001000000002,32.279999,31.76,32.080002,17732300,CSCO
29.06.17,31.790001,32.029999,31.25,31.41,27664500,CSCO
30.06.17,31.790001,31.790001,31.299999,31.299999,23604600,CSCO
03.07.17,31.09,31.639999,31.030001000000002,31.33,14112100,CSCO
05.07.17,30.85,31.27,30.73,31.110001,24270300,CSCO
06.07.17,30.99,31.02,30.67,30.719998999999998,20789100,CSCO
07.07.17,30.76,31.07,30.75,30.9,15860600,CSCO
10.07.17,30.879998999999998,31.09,30.82,30.98,15528800,CSCO
11.07.17,31.049999,31.120001000000002,30.860001,31.09,12806000,CSCO
12.07.17,31.25,31.440001000000002,31.15,31.16,18586200,CSCO
13.07.17,31.26,31.280001000000002,31.08,31.27,15934200,CSCO
14.07.17,31.370001000000002,31.450001,31.27,31.42,13573100,CSCO
17.07.17,31.5,31.639999,31.450001,31.5,16427500,CSCO
18.07.17,31.41,31.51,31.17,31.51,15530700,CSCO
19.07.17,31.51,32.049999,31.459999,31.9,21567900,CSCO
20.07.17,31.91,32.049999,31.76,31.860001,16389500,CSCO
21.07.17,31.860001,32.029999,31.709999,31.84,13973800,CSCO
24.07.17,31.860001,31.93,31.66,31.860001,15504100,CSCO
25.07.17,31.9,32.25,31.879998999999998,32.119999,14990000,CSCO
26.07.17,32.119999,32.23,31.51,31.66,21941500,CSCO
27.07.17,31.73,31.75,31.209999,31.57,21437400,CSCO
28.07.17,31.450001,31.6,31.26,31.52,15771000,CSCO
31.07.17,31.540001,31.59,31.370001000000002,31.450001,19256400,CSCO
01.08.17,31.59,31.66,31.43,31.65,12962800,CSCO
02.08.17,31.57,31.57,31.25,31.52,15845600,CSCO
03.08.17,31.59,31.719998999999998,31.43,31.559998999999998,14420800,CSCO
04.08.17,31.67,31.91,31.58,31.799999,16929500,CSCO
07.08.17,31.790001,31.879998999999998,31.690001000000002,31.84,11877400,CSCO
08.08.17,31.75,32.0,31.6,31.67,15375700,CSCO
09.08.17,31.549999,31.68,31.360001,31.620001000000002,16131300,CSCO
10.08.17,31.559998999999998,31.559998999999998,31.0,31.0,23517400,CSCO
11.08.17,31.23,31.549999,31.040001,31.469998999999998,20756600,CSCO
14.08.17,31.690001000000002,31.889999,31.559998999999998,31.84,21761600,CSCO
15.08.17,31.85,32.209998999999996,31.84,32.09,25251500,CSCO
16.08.17,32.099998,32.470001,32.060001,32.34,29052000,CSCO
17.08.17,31.49,31.77,30.85,31.040001,53288800,CSCO
18.08.17,31.0,31.059998999999998,30.360001,30.370001000000002,34802200,CSCO
21.08.17,30.370001000000002,30.799999,30.360001,30.68,24198400,CSCO
22.08.17,30.85,31.33,30.75,31.27,24747200,CSCO
23.08.17,31.209999,31.4,30.91,30.92,22436600,CSCO
24.08.17,30.950001,31.4,30.9,31.24,22576100,CSCO
25.08.17,31.389999,31.799999,31.360001,31.440001000000002,19558300,CSCO
28.08.17,31.6,31.66,31.41,31.540001,12958900,CSCO
29.08.17,31.26,31.629998999999998,31.190001000000002,31.48,16362700,CSCO
30.08.17,31.469998999999998,32.200001,31.42,31.99,22988700,CSCO
31.08.17,32.099998,32.34,31.99,32.209998999999996,27800200,CSCO
01.09.17,32.220001,32.349998,32.029999,32.299999,14686600,CSCO
05.09.17,32.150002,32.240002000000004,31.459999,31.620001000000002,32475500,CSCO
06.09.17,31.75,31.91,31.629998999999998,31.870001000000002,16962300,CSCO
07.09.17,31.959999,31.969998999999998,31.74,31.76,14751700,CSCO
08.09.17,31.68,31.780001000000002,31.459999,31.48,15339500,CSCO
11.09.17,31.709999,32.299999,31.67,32.189999,22440800,CSCO
12.09.17,32.299999,32.470001,32.189999,32.41,18923100,CSCO
13.09.17,32.34,32.389998999999996,31.959999,32.18,22705100,CSCO
14.09.17,31.91,32.220001,31.91,32.189999,18194800,CSCO
15.09.17,32.200001,32.5,32.119999,32.439999,29336100,CSCO
18.09.17,32.43,32.66,32.259997999999996,32.52,17290900,CSCO
19.09.17,32.459998999999996,32.650002,32.400002,32.490002000000004,12927700,CSCO
20.09.17,32.549999,32.75,32.389998999999996,32.599998,19865400,CSCO
21.09.17,32.720001,32.900002,32.5,32.700001,19870000,CSCO
22.09.17,32.66,33.529999,32.639998999999996,33.369999,28234900,CSCO
25.09.17,33.310001,33.84,33.200001,33.720001,32396900,CSCO
26.09.17,33.759997999999996,34.099998,33.669998,33.759997999999996,26138300,CSCO
27.09.17,33.779999,33.919998,33.299999,33.48,22594600,CSCO
28.09.17,33.220001,33.459998999999996,33.220001,33.349998,15496900,CSCO
29.09.17,33.310001,33.669998,33.240002000000004,33.630001,14802700,CSCO
02.10.17,33.610001000000004,33.77,33.52,33.75,16555200,CSCO
03.10.17,33.720001,33.900002,33.610001000000004,33.849998,13346900,CSCO
04.10.17,33.529999,33.560001,33.290001000000004,33.439999,14652200,CSCO
05.10.17,33.580002,33.669998,33.41,33.59,14524800,CSCO
06.10.17,33.650002,33.779999,33.52,33.75,15464700,CSCO
09.10.17,33.77,33.889998999999996,33.610001000000004,33.759997999999996,8728400,CSCO
10.10.17,33.880001,33.91,33.470001,33.549999,18011000,CSCO
11.10.17,33.380001,33.630001,33.25,33.59,12561400,CSCO
12.10.17,33.259997999999996,33.459998999999996,33.169998,33.259997999999996,17905600,CSCO
13.10.17,33.400002,33.57,33.32,33.470001,13578800,CSCO
16.10.17,33.599998,33.639998999999996,33.470001,33.540001000000004,10509100,CSCO
17.10.17,33.59,33.669998,33.459998999999996,33.599998,9303100,CSCO
18.10.17,33.720001,33.75,33.439999,33.549999,9971200,CSCO
19.10.17,33.509997999999996,33.889998999999996,33.450001,33.75,13203100,CSCO
20.10.17,34.02,34.389998999999996,34.009997999999996,34.25,24361400,CSCO
23.10.17,34.450001,34.68,34.27,34.349998,22632000,CSCO
24.10.17,34.400002,34.669998,34.25,34.580002,16280200,CSCO
25.10.17,34.73,34.73,34.16,34.299999,17400900,CSCO
26.10.17,34.41,34.509997999999996,34.07,34.27,14616100,CSCO
27.10.17,34.150002,34.619999,34.09,34.43,20356600,CSCO
30.10.17,34.130001,34.380001,33.82,34.040001000000004,18345100,CSCO
31.10.17,33.98,34.240002000000004,33.959998999999996,34.150002,13935100,CSCO
01.11.17,34.290001000000004,34.75,34.279999,34.619999,22051300,CSCO
02.11.17,34.549999,34.639998999999996,34.16,34.209998999999996,19827600,CSCO
03.11.17,34.279999,34.490002000000004,34.029999,34.470001,13414400,CSCO
06.11.17,34.369999,34.560001,34.259997999999996,34.41,12786900,CSCO
07.11.17,34.32,34.48,34.209998999999996,34.400002,11332900,CSCO
08.11.17,34.310001,34.5,34.119999,34.5,13061300,CSCO
09.11.17,34.290001000000004,34.32,33.869999,34.049999,16785000,CSCO
10.11.17,34.060001,34.09,33.669998,33.990002000000004,19319400,CSCO
13.11.17,33.860001000000004,34.209998999999996,33.830002,33.950001,16441500,CSCO
14.11.17,33.860001000000004,34.16,33.799999,34.040001000000004,17468500,CSCO
15.11.17,33.970001,34.310001,33.75,34.110001000000004,30829600,CSCO
16.11.17,36.040001000000004,36.669998,35.830002,35.880001,61177100,CSCO
17.11.17,35.900002,36.32,35.810001,35.900002,27988000,CSCO
20.11.17,35.93,36.540001000000004,35.93,36.5,26897800,CSCO
21.11.17,36.75,36.970001,36.580002,36.650002,24146400,CSCO
22.11.17,36.700001,36.720001,36.360001000000004,36.450001,17226400,CSCO
24.11.17,36.41,36.57,36.32,36.490002000000004,6155800,CSCO
27.11.17,36.509997999999996,37.09,36.5,36.869999,20942200,CSCO
28.11.17,37.0,37.799999,36.98,37.73,30966600,CSCO
29.11.17,37.75,38.029999,37.23,37.48,36788600,CSCO
30.11.17,37.619999,37.799999,37.299999,37.299999,30749500,CSCO
01.12.17,37.09,37.66,36.73,37.599998,26920900,CSCO
04.12.17,37.810001,37.990002000000004,37.540001000000004,37.720001,29414400,CSCO
05.12.17,37.740002000000004,37.82,37.169998,37.310001,23288200,CSCO
06.12.17,37.369999,37.720001,37.25,37.41,16581800,CSCO
07.12.17,37.259997999999996,37.779999,37.259997999999996,37.400002,17092000,CSCO
08.12.17,37.59,37.689999,37.419998,37.610001000000004,14044400,CSCO
11.12.17,37.59,38.040001000000004,37.57,37.959998999999996,16749500,CSCO
12.12.17,37.790001000000004,38.099998,37.560001,37.91,16658600,CSCO
13.12.17,38.09,38.369999,38.0,38.150002,20199500,CSCO
14.12.17,38.200001,38.27,37.849998,37.900002,16738300,CSCO
15.12.17,38.009997999999996,38.279999,37.700001,38.189999,47167700,CSCO
18.12.17,38.48,38.889998999999996,38.299999,38.48,21591400,CSCO
19.12.17,38.66,38.860001000000004,38.279999,38.299999,19695200,CSCO
20.12.17,38.490002000000004,38.799999,38.209998999999996,38.740002000000004,18939500,CSCO
21.12.17,38.880001,38.990002000000004,38.490002000000004,38.529999,16387500,CSCO
22.12.17,38.52,38.740002000000004,38.470001,38.549999,11441600,CSCO
26.12.17,38.549999,38.68,38.360001000000004,38.48,8186100,CSCO
27.12.17,38.540001000000004,38.650002,38.450001,38.560001,10543000,CSCO
28.12.17,38.73,38.73,38.450001,38.59,8807700,CSCO
29.12.17,38.41,38.619999,38.299999,38.299999,12583600,CSCO
02.01.18,38.669998,38.950001,38.43,38.860001000000004,20135700,CSCO
03.01.18,38.720001,39.279999,38.529999,39.169998,29536000,CSCO
04.01.18,39.049999,39.540001000000004,38.93,38.990002000000004,20731400,CSCO
05.01.18,39.549999,39.880001,39.369999,39.529999,24588200,CSCO
08.01.18,39.52,39.959998999999996,39.349998,39.939999,16582000,CSCO
09.01.18,39.790001000000004,39.959998999999996,39.540001000000004,39.689999,21449800,CSCO
10.01.18,39.650002,40.240002000000004,39.630001,39.91,19473000,CSCO
11.01.18,40.139998999999996,40.209998999999996,39.75,40.099998,21685600,CSCO
12.01.18,40.220001,40.93,40.049999,40.869999,23770500,CSCO
16.01.18,40.900002,41.16,40.32,40.540001000000004,32845000,CSCO
17.01.18,40.84,41.32,40.709998999999996,41.200001,24427100,CSCO
18.01.18,41.240002000000004,41.48,41.029999,41.299999,19610200,CSCO
19.01.18,41.279999,41.52,41.099998,41.290001000000004,24582000,CSCO
22.01.18,41.200001,41.66,41.02,41.66,22995100,CSCO
23.01.18,41.540001000000004,42.130001,41.540001000000004,42.099998,23984500,CSCO
24.01.18,42.200001,42.689999,42.009997999999996,42.169998,26696200,CSCO
25.01.18,42.27,42.470001,41.82,41.900002,19207500,CSCO
26.01.18,42.150002,42.560001,41.950001,42.560001,23380400,CSCO
29.01.18,42.299999,42.98,42.299999,42.849998,23625900,CSCO
30.01.18,42.689999,42.860001000000004,41.970001,42.25,28993900,CSCO
31.01.18,41.98,42.009997999999996,41.349998,41.540001000000004,36512100,CSCO
01.02.18,41.09,42.110001000000004,40.669998,41.700001,26148500,CSCO
02.02.18,41.5,41.950001,40.869999,40.93,27224200,CSCO
05.02.18,40.869999,41.41,38.720001,38.779999,52399600,CSCO
06.02.18,38.330002,40.310001,37.349998,40.169998,55171600,CSCO
07.02.18,40.310001,41.209998999999996,40.029999,40.34,32690800,CSCO
